title,url,image,timestamp,category,kategori_pencarian
,https://news.detik.com/berita/d-8315236/4-tahun-injourney-perkuat-ekosistem-aviasi-dan-pariwisata-berkelanjutan,https://akcdn.detik.net.id/community/media/visual/2026/01/20/4-tahun-injourney-perkuat-ekosistem-aviasi-dan-pariwisata-berkelanjutan-1768871963426_43.jpeg?w=250&q=90,"Selasa, 20 Jan 2026 08:19 WIB",,ESG sektor energi Indonesia
,https://finance.detik.com/energi/d-8314230/sukses-gelar-satgas-nataru-pertamina-bersiap-hadapi-ramadan-1447-hijriah,https://akcdn.detik.net.id/community/media/visual/2026/01/19/sukses-gelar-satgas-nataru-pertamina-bersiap-hadapi-ramadan-1447-hijriah-1768810559770_43.jpeg?w=250&q=90,"Senin, 19 Jan 2026 15:21 WIB",,ESG sektor energi Indonesia
,https://finance.detik.com/energi/d-8313491/perkuat-kompetensi-sdm-pertamina-gandeng-itb-siapkan-insinyur-masa-depan,https://akcdn.detik.net.id/community/media/visual/2026/01/19/perkuat-kompetensi-sdm-pertamina-gandeng-itb-siapkan-insinyur-masa-depan-1768789642164_43.jpeg?w=250&q=90,"Senin, 19 Jan 2026 09:27 WIB",,ESG sektor energi Indonesia
,https://finance.detik.com/energi/d-8301932/sinergi-strategis-hilirisasi-batu-bara-wujudkan-kemandirian-energi-ri,https://akcdn.detik.net.id/community/media/visual/2026/01/11/pertamina-1768115924432_43.png?w=250&q=90,"Minggu, 11 Jan 2026 14:19 WIB",,ESG sektor energi Indonesia
,https://www.detik.com/edu/edutainment/d-8273399/inovator-muda-drillytics-raih-penghargaan-tsucrea-award-di-tokyo,https://akcdn.detik.net.id/community/media/visual/2025/12/23/inovator-muda-drillytics-raih-penghargaan-tsucrea-award-di-tokyo-1766463305524_43.jpeg?w=250&q=90,"Selasa, 23 Des 2025 11:15 WIB",,ESG sektor energi Indonesia
,https://finance.detik.com/energi/d-8265164/jelang-nataru-pertamina-pastikan-kesiapan-pasokan-distribusi-energi,https://akcdn.detik.net.id/community/media/visual/2025/12/17/pertamina-1765986118484_43.jpeg?w=250&q=90,"Rabu, 17 Des 2025 22:57 WIB",,ESG sektor energi Indonesia
,https://finance.detik.com/berita-ekonomi-bisnis/d-8265107/pertamina-kembali-jadi-pengguna-produk-dalam-negeri-tertinggi-di-ri,https://akcdn.detik.net.id/community/media/visual/2025/12/17/pertamina-kembali-jadi-pengguna-produk-dalam-negeri-tertinggi-di-ri-1765982880171_43.jpeg?w=250&q=90,"Rabu, 17 Des 2025 22:15 WIB",,ESG sektor energi Indonesia
,https://finance.detik.com/energi/d-8254988/sinergi-pertamina-giz-langkah-nyata-tingkatkan-komitmen-keberlanjutan,https://akcdn.detik.net.id/community/media/visual/2025/12/11/pertamina-1765446886862_43.jpeg?w=250&q=90,"Kamis, 11 Des 2025 16:57 WIB",,ESG sektor energi Indonesia
,https://finance.detik.com/energi/d-8232795/perkuat-sektor-hulu-7-anak-usaha-pertamina-dominasi-produksi-migas-ri,https://akcdn.detik.net.id/community/media/visual/2025/11/28/gedung-kantor-pertamina-1764303892303_43.jpeg?w=250&q=90,"Jumat, 28 Nov 2025 11:25 WIB",,ESG sektor energi Indonesia
,https://news.detik.com/advertorial/d-8230521/sido-muncul-raih-la-tofi-esg-rating-sustainability-communication-award,https://akcdn.detik.net.id/community/media/visual/2025/11/26/adv-sidomuncul-1764170530027_43.jpeg?w=250&q=90,"Kamis, 27 Nov 2025 00:00 WIB",,ESG sektor energi Indonesia
,https://news.detik.com/berita/d-8265169/pertamina-raih-penghargaan-badan-publik-informatif-2025-dari-kip,https://akcdn.detik.net.id/community/media/visual/2025/12/17/pertamina-1765986118405_43.jpeg?w=250&q=90,"Rabu, 17 Des 2025 22:48 WIB",,indeks ESG energi
,https://finance.detik.com/bursa-dan-valas/d-8109630/tumbuh-7-1-jasa-marga-catat-laba-rp-1-9-t-di-semester-i-2025,https://akcdn.detik.net.id/community/media/visual/2025/09/12/jasa-marga-1757688840871_43.jpeg?w=250&q=90,"Jumat, 12 Sep 2025 21:54 WIB",,indeks ESG energi
,https://inet.detik.com/telecommunication/d-8001789/telkom-optimalkan-esg-beri-dampak-positif-bagi-masyarakat-lingkungan,https://akcdn.detik.net.id/community/media/visual/2025/07/08/svp-group-sustainability-and-corporate-communication-telkom-ahmad-reza-1751965944376_43.jpeg?w=250&q=90,"Selasa, 08 Jul 2025 16:12 WIB",,indeks ESG energi
,https://finance.detik.com/berita-ekonomi-bisnis/d-7974697/wamendag-tegaskan-perdagangan-harus-berpihak-pada-rakyat-lingkungan,https://akcdn.detik.net.id/community/media/visual/2025/06/20/mendag-budi-santoso-wamendag-dyah-roro-1750433443507_43.jpeg?w=250&q=90,"Sabtu, 21 Jun 2025 08:15 WIB",,indeks ESG energi
,https://finance.detik.com/berita-ekonomi-bisnis/d-7683497/konsisten-jalankan-esg-alfamart-raih-indeks-integritas-bisnis-lestari-2024,https://akcdn.detik.net.id/community/media/visual/2024/12/12/alfamart_43.jpeg?w=250&q=90,"Kamis, 12 Des 2024 15:52 WIB",,indeks ESG energi
,https://finance.detik.com/berita-ekonomi-bisnis/d-7435065/perusahaan-induk-sampoerna-menempati-peringkat-1-forbes-net-zero-leaders,https://akcdn.detik.net.id/community/media/visual/2024/07/12/hm-sampoerna_43.jpeg?w=250&q=90,"Jumat, 12 Jul 2024 09:31 WIB",,indeks ESG energi
,https://finance.detik.com/ekonomi-hijau/d-7434589/perusahaan-swasta-dorong-efisiensi-energi-dan-kurangi-emisi,https://akcdn.detik.net.id/community/media/visual/2023/05/22/ilustrasi-energi-hijau_43.jpeg?w=250&q=90,"Kamis, 11 Jul 2024 14:50 WIB",,indeks ESG energi
,https://finance.detik.com/energi/d-7340272/bos-pertamina-beberkan-strategi-jaga-ketahanan-energi-dan-lingkungan,https://akcdn.detik.net.id/community/media/visual/2024/05/14/pertamina_43.jpeg?w=250&q=90,"Selasa, 14 Mei 2024 21:23 WIB",,indeks ESG energi
,https://finance.detik.com/wawancara-khusus/d-7278712/deteksi-sinyal-buruk-ekonomi-ri-dari-pengusaha,https://akcdn.detik.net.id/community/media/visual/2024/04/04/ketum-apindo-shinta-kamdani_43.jpeg?w=250&q=90,"Kamis, 04 Apr 2024 17:21 WIB",,indeks ESG energi
,https://finance.detik.com/berita-ekonomi-bisnis/d-7154128/begini-jurus-ganjar-mahfud-atasi-perubahan-iklim-hingga-deforestasi,https://akcdn.detik.net.id/community/media/visual/2024/01/21/potret-busana-yang-dipakai-pasangan-calon-di-debat-cawapres_43.jpeg?w=250&q=90,"Senin, 22 Jan 2024 12:32 WIB",,indeks ESG energi
,https://news.detik.com/berita/d-8315236/4-tahun-injourney-perkuat-ekosistem-aviasi-dan-pariwisata-berkelanjutan,https://akcdn.detik.net.id/community/media/visual/2026/01/20/4-tahun-injourney-perkuat-ekosistem-aviasi-dan-pariwisata-berkelanjutan-1768871963426_43.jpeg?w=250&q=90,"Selasa, 20 Jan 2026 08:19 WIB",,energi terbarukan ESG
,https://finance.detik.com/energi/d-8254988/sinergi-pertamina-giz-langkah-nyata-tingkatkan-komitmen-keberlanjutan,https://akcdn.detik.net.id/community/media/visual/2025/12/11/pertamina-1765446886862_43.jpeg?w=250&q=90,"Kamis, 11 Des 2025 16:57 WIB",,energi terbarukan ESG
,https://www.detik.com/bali/berita/d-8244311/ramalan-lengkap-shio-tahun-kuda-api-2026-siapa-paling-bersinar-dan-hoki,https://akcdn.detik.net.id/community/media/visual/2025/05/19/ilustrasi-shio-1747619328086_43.jpeg?w=250&q=90,"Jumat, 05 Des 2025 08:49 WIB",,energi terbarukan ESG
,https://finance.detik.com/berita-ekonomi-bisnis/d-8226055/vale-raih-esg-risk-rating-terbaik-di-ri-masuk-jajaran-15-besar-dunia,https://akcdn.detik.net.id/community/media/visual/2025/11/24/vale-indonesia-1763972917192_43.png?w=250&q=90,"Senin, 24 Nov 2025 15:29 WIB",,energi terbarukan ESG
,https://finance.detik.com/ekonomi-hijau/d-8209271/bni-raih-penghargaan-leadership-aa-di-indonesia-esg-leadership-awards-2025,https://akcdn.detik.net.id/community/media/visual/2025/11/13/bni-raih-penghargaan-leadership-aa-di-indonesia-esg-leadership-awards-2025-1763029619420_43.jpeg?w=250&q=90,"Kamis, 13 Nov 2025 17:27 WIB",,energi terbarukan ESG
,https://www.detik.com/sumbagsel/hukum-dan-kriminal/d-8206713/limbah-sawit-sumsel-disulap-jadi-energi-hijau,https://akcdn.detik.net.id/community/media/visual/2025/11/12/pt-pgn-tbk-mulai-membangun-injection-point-di-pagardewasumatera-selatan-1762923818440_43.jpeg?w=250&q=90,"Rabu, 12 Nov 2025 17:00 WIB",,energi terbarukan ESG
,https://www.detik.com/bali/nusra/d-8206121/proklim-mart-joben-lestari-raih-gold-awards-asia-esg-2025-di-malaysia,https://akcdn.detik.net.id/community/media/visual/2025/11/11/proklim-mart-joben-lestari-berhasil-meraih-gold-awards-dalam-ajang-bergengsi-asia-esg-positive-impact-awards-2025-kategori-bio-1762868881390_43.jpeg?w=250&q=90,"Selasa, 11 Nov 2025 20:48 WIB",,energi terbarukan ESG
,https://finance.detik.com/energi/d-8204785/momentum-baru-perkuat-fondasi-transisi-energi-di-ri,https://akcdn.detik.net.id/community/media/visual/2024/10/17/pertamina-geothermal-energy_43.png?w=250&q=90,"Selasa, 11 Nov 2025 10:43 WIB",,energi terbarukan ESG
,https://finance.detik.com/energi/d-8189900/b50-tahun-2026-indonesia-siap-biodiesel-50-dari-cpo-lokal,https://akcdn.detik.net.id/community/media/visual/2024/10/25/pasokan-kelapa-sawit-buat-bahan-baku-b50-2_43.jpeg?w=250&q=90,"Minggu, 02 Nov 2025 08:49 WIB",,energi terbarukan ESG
,https://inet.detik.com/telecommunication/d-8188005/kinerja-solid-telkom-catat-pendapatan-rp-109-6-t-di-kuartal-iii-2025,https://akcdn.detik.net.id/community/media/visual/2025/10/31/telkom-1761904912045_43.jpeg?w=250&q=90,"Jumat, 31 Okt 2025 17:02 WIB",,energi terbarukan ESG
,https://finance.detik.com/energi/d-8296905/skor-esg-naik-pertamina-peringkat-1-dunia-oil-and-gas-terintegrasi,https://akcdn.detik.net.id/community/media/visual/2026/01/07/pertamina-1767800322640_43.jpeg?w=250&q=90,"Rabu, 07 Jan 2026 22:38 WIB",,perusahaan minyak gas ESG
,https://finance.detik.com/energi/d-8232795/perkuat-sektor-hulu-7-anak-usaha-pertamina-dominasi-produksi-migas-ri,https://akcdn.detik.net.id/community/media/visual/2025/11/28/gedung-kantor-pertamina-1764303892303_43.jpeg?w=250&q=90,"Jumat, 28 Nov 2025 11:25 WIB",,perusahaan minyak gas ESG
,https://www.detik.com/sumbagsel/hukum-dan-kriminal/d-8206713/limbah-sawit-sumsel-disulap-jadi-energi-hijau,https://akcdn.detik.net.id/community/media/visual/2025/11/12/pt-pgn-tbk-mulai-membangun-injection-point-di-pagardewasumatera-selatan-1762923818440_43.jpeg?w=250&q=90,"Rabu, 12 Nov 2025 17:00 WIB",,perusahaan minyak gas ESG
,https://finance.detik.com/energi/d-8171095/produksi-migas-pertamina-tembus-1-04-juta-barel,https://akcdn.detik.net.id/community/media/visual/2025/08/27/sumur-baru-pertamina-berhasil-produksi-2635-barel-minyak-per-hari-1756276334483_43.jpeg?w=250&q=90,"Selasa, 21 Okt 2025 13:40 WIB",,perusahaan minyak gas ESG
,https://finance.detik.com/energi/d-8104474/pertamina-patra-niaga-princeton-digital-group-kerja-sama-manfaatkan-hvo,https://akcdn.detik.net.id/community/media/visual/2025/09/10/direktur-pemasaran-pusat-niaga-pt-pertamina-patra-niaga-alimuddin-baso-1757467672270_43.jpeg?w=250&q=90,"Rabu, 10 Sep 2025 08:28 WIB",,perusahaan minyak gas ESG
,https://finance.detik.com/energi/d-8074437/pertamina-hulu-energi-beberkan-2-jurus-genjot-lifting-migas,https://akcdn.detik.net.id/community/media/visual/2023/11/03/pipa-bawah-air-rampung_43.jpeg?w=250&q=90,"Jumat, 22 Agu 2025 17:29 WIB",,perusahaan minyak gas ESG
,https://finance.detik.com/energi/d-8044024/semester-i-2025-produksi-phe-capai-1-04-juta-barel-setara-minyak-per-hari,https://akcdn.detik.net.id/community/media/visual/2025/08/04/pt-pertamina-hulu-energi-phe-1754286273870_43.jpeg?w=250&q=90,"Senin, 04 Agu 2025 12:44 WIB",,perusahaan minyak gas ESG
,https://finance.detik.com/berita-ekonomi-bisnis/d-8011850/kuliah-umum-di-jepang-menperin-beberkan-strategi-industrialisasi-nasional,https://akcdn.detik.net.id/community/media/visual/2025/07/15/menperin-agus-gumiwang-1752544424926_43.jpeg?w=250&q=90,"Selasa, 15 Jul 2025 08:54 WIB",,perusahaan minyak gas ESG
,https://www.detik.com/jatim/bisnis/d-7994866/regional-indonesia-timur-pertamina-raih-3-penghargaan-di-thailand,https://akcdn.detik.net.id/community/media/visual/2025/07/03/regional-indonesia-timur-subholding-upstream-pertamina-borong-3-penghargaan-di-area-2025-yang-digelar-di-thailand-1751543690264_43.jpeg?w=250&q=90,"Kamis, 03 Jul 2025 23:30 WIB",,perusahaan minyak gas ESG
,https://finance.detik.com/energi/d-7988724/pertamina-hulu-energi-siap-dukung-swasembada-energi-nasional,https://akcdn.detik.net.id/community/media/visual/2025/06/30/pertamina-1751265148683_43.jpeg?w=250&q=90,"Senin, 30 Jun 2025 13:37 WIB",,perusahaan minyak gas ESG
,https://www.detik.com/sumut/berita/d-8323144/lirik-lagu-work-no-na-lengkap-dengan-makna-dan-fakta-menariknya,https://akcdn.detik.net.id/community/media/visual/2026/01/24/potret-no-na-dalam-music-video-terbarunya-work-dok-nonawav-1769247185263_43.jpeg?w=250&q=90,18 jam yang lalu,,investasi energi berkelanjutan
,https://www.detik.com/jateng/jawa-tengah-meriah/d-8322541/jateng-jepang-perkuat-kerja-sama-ada-peluang-jenjang-karir-hingga-manajer,https://akcdn.detik.net.id/community/media/visual/2026/01/24/wagub-jateng-taj-yasin-1769219045997_43.png?w=250&q=90,"Sabtu, 24 Jan 2026 08:45 WIB",,investasi energi berkelanjutan
,https://news.detik.com/berita/d-8321832/bamsoet-puji-pidato-prabowo-di-wef-perdamaian-stabilitas-fondasi-utama,https://akcdn.detik.net.id/community/media/visual/2026/01/23/anggota-dpr-ri-sekaligus-wakil-ketua-umum-partai-golkar-bambang-soesatyo-bamsoet-1769164548945_43.jpeg?w=250&q=90,"Jumat, 23 Jan 2026 17:42 WIB",,investasi energi berkelanjutan
,https://news.detik.com/berita/d-8321431/isi-pidato-lengkap-prabowo-di-wef-2026-davos-bicara-mbg-hingga-danantara,https://akcdn.detik.net.id/community/media/visual/2026/01/23/potret-prabowo-di-world-economic-forum-1769138839563_43.jpeg?w=250&q=90,"Jumat, 23 Jan 2026 15:14 WIB",,investasi energi berkelanjutan
,https://news.detik.com/berita/d-8319754/wamendagri-tekankan-peran-strategis-bumd-dorong-perekonomian-daerah,https://akcdn.detik.net.id/community/media/visual/2026/01/22/wakil-menteri-dalam-negeri-wamendagri-akhmad-wiyagus-1769072787534_43.jpeg?w=250&q=90,"Kamis, 22 Jan 2026 16:07 WIB",,investasi energi berkelanjutan
,https://news.detik.com/berita/d-8319710/puan-ketua-majelis-nasional-korsel-bertemu-bahas-perlindungan-pmi,https://akcdn.detik.net.id/community/media/visual/2026/01/22/ketua-dpr-ri-puan-maharani-bertemu-dengan-ketua-majelis-nasional-republik-korea-woo-won-shik-di-gedung-dpr-jakarta-hari-ini-da-1769071558086_43.jpeg?w=250&q=90,"Kamis, 22 Jan 2026 15:47 WIB",,investasi energi berkelanjutan
,https://finance.detik.com/berita-ekonomi-bisnis/d-8319161/danantara-hadir-di-wef-davos-pamer-proyek-unggulan-setop-tantiem-bumn,https://akcdn.detik.net.id/community/media/visual/2025/07/01/wisma-danantara-indonesia-1751345496674_43.jpeg?w=250&q=90,"Kamis, 22 Jan 2026 12:12 WIB",,investasi energi berkelanjutan
,https://finance.detik.com/berita-ekonomi-bisnis/d-8318888/ri-inggris-sepakat-tingkatkan-kerja-sama-sektor-energi-bersih-transportasi,https://akcdn.detik.net.id/community/media/visual/2026/01/21/presiden-prabowo-bertemu-pm-inggris-keir-starmer-1768970329594_43.jpeg?w=250&q=90,"Kamis, 22 Jan 2026 09:16 WIB",,investasi energi berkelanjutan
,https://finance.detik.com/energi/d-8317589/kerja-sama-dengan-pembangunan-aceh-pgn-gali-potensi-gas-bumi-di-daerah,https://akcdn.detik.net.id/community/media/visual/2026/01/21/pgn-1768976533094_43.jpeg?w=250&q=90,"Rabu, 21 Jan 2026 13:23 WIB",,investasi energi berkelanjutan
,https://news.detik.com/berita/d-8317171/eddy-soeparno-kegiatan-diplomasi-prabowo-mampu-bawa-dampak-positif,https://akcdn.detik.net.id/community/media/visual/2025/09/01/wakil-ketua-mpr-ri-eddy-soeparno-1756695909374_43.jpeg?w=250&q=90,"Rabu, 21 Jan 2026 10:23 WIB",,investasi energi berkelanjutan
,https://finance.detik.com/energi/d-8318519/isu-emisi-dan-tata-kelola-hilir-migas-ini-penilaian-lembaga-global,https://akcdn.detik.net.id/community/media/visual/2025/01/17/pertamina-patra-niaga_43.jpeg?w=250&q=90,"Rabu, 21 Jan 2026 15:10 WIB",,transisi energi ESG
,https://news.detik.com/berita/d-8315236/4-tahun-injourney-perkuat-ekosistem-aviasi-dan-pariwisata-berkelanjutan,https://akcdn.detik.net.id/community/media/visual/2026/01/20/4-tahun-injourney-perkuat-ekosistem-aviasi-dan-pariwisata-berkelanjutan-1768871963426_43.jpeg?w=250&q=90,"Selasa, 20 Jan 2026 08:19 WIB",,transisi energi ESG
,https://finance.detik.com/energi/d-8314230/sukses-gelar-satgas-nataru-pertamina-bersiap-hadapi-ramadan-1447-hijriah,https://akcdn.detik.net.id/community/media/visual/2026/01/19/sukses-gelar-satgas-nataru-pertamina-bersiap-hadapi-ramadan-1447-hijriah-1768810559770_43.jpeg?w=250&q=90,"Senin, 19 Jan 2026 15:21 WIB",,transisi energi ESG
,https://finance.detik.com/energi/d-8313615/rdmp-balikpapan-sejarah-sumur-mathilda-garda-terdepan-energi-indonesia,https://akcdn.detik.net.id/community/media/visual/2026/01/19/rdmp-balikpapan-sejarah-sumur-mathilda-garda-terdepan-energi-indonesia-1768794351867_43.jpeg?w=250&q=90,"Senin, 19 Jan 2026 10:46 WIB",,transisi energi ESG
,https://finance.detik.com/energi/d-8313491/perkuat-kompetensi-sdm-pertamina-gandeng-itb-siapkan-insinyur-masa-depan,https://akcdn.detik.net.id/community/media/visual/2026/01/19/perkuat-kompetensi-sdm-pertamina-gandeng-itb-siapkan-insinyur-masa-depan-1768789642164_43.jpeg?w=250&q=90,"Senin, 19 Jan 2026 09:27 WIB",,transisi energi ESG
,https://news.detik.com/berita/d-8309651/pertamina-dukung-umkm-pangan-hasilkan-produk-aman-dan-berkualitas,https://akcdn.detik.net.id/community/media/visual/2026/01/15/pertamina-1768484869896_43.png?w=250&q=90,"Kamis, 15 Jan 2026 20:48 WIB",,transisi energi ESG
,https://finance.detik.com/bursa-dan-valas/d-8307980/mantan-bos-garuda-indonesia-jadi-dirut-humpuss-maritim,https://akcdn.detik.net.id/community/media/visual/2018/11/26/6c09c782-fa78-41ba-87cc-3816dc4da229_43.jpeg?w=250&q=90,"Rabu, 14 Jan 2026 23:43 WIB",,transisi energi ESG
,https://finance.detik.com/energi/d-8302076/fasilitas-rfcc-complex-jadi-jantung-modernisasi-rdmp-balikpapan,https://akcdn.detik.net.id/community/media/visual/2026/01/11/rdmp-balikpapan-1768121712541_43.jpeg?w=250&q=90,"Minggu, 11 Jan 2026 15:55 WIB",,transisi energi ESG
,https://finance.detik.com/energi/d-8301932/sinergi-strategis-hilirisasi-batu-bara-wujudkan-kemandirian-energi-ri,https://akcdn.detik.net.id/community/media/visual/2026/01/11/pertamina-1768115924432_43.png?w=250&q=90,"Minggu, 11 Jan 2026 14:19 WIB",,transisi energi ESG
,https://finance.detik.com/energi/d-8301180/jadi-infrastruktur-terintegrasi-ini-proses-pembangunan-rdmp-balikpapan,https://akcdn.detik.net.id/community/media/visual/2026/01/10/pertamina-1768048259027_43.jpeg?w=250&q=90,"Sabtu, 10 Jan 2026 19:31 WIB",,transisi energi ESG
,https://finance.detik.com/energi/d-8318519/isu-emisi-dan-tata-kelola-hilir-migas-ini-penilaian-lembaga-global,https://akcdn.detik.net.id/community/media/visual/2025/01/17/pertamina-patra-niaga_43.jpeg?w=250&q=90,"Rabu, 21 Jan 2026 15:10 WIB",,Pertamina ESG
,https://finance.detik.com/energi/d-8314230/sukses-gelar-satgas-nataru-pertamina-bersiap-hadapi-ramadan-1447-hijriah,https://akcdn.detik.net.id/community/media/visual/2026/01/19/sukses-gelar-satgas-nataru-pertamina-bersiap-hadapi-ramadan-1447-hijriah-1768810559770_43.jpeg?w=250&q=90,"Senin, 19 Jan 2026 15:21 WIB",,Pertamina ESG
,https://finance.detik.com/energi/d-8314012/lebih-dari-2-000-barel-minyak-diproduksi-di-papua-field,https://akcdn.detik.net.id/community/media/visual/2026/01/19/lapangan-migas-salawati-sorong-papua-barat-1768805696958_43.jpeg?w=250&q=90,"Senin, 19 Jan 2026 13:59 WIB",,Pertamina ESG
,https://finance.detik.com/energi/d-8313615/rdmp-balikpapan-sejarah-sumur-mathilda-garda-terdepan-energi-indonesia,https://akcdn.detik.net.id/community/media/visual/2026/01/19/rdmp-balikpapan-sejarah-sumur-mathilda-garda-terdepan-energi-indonesia-1768794351867_43.jpeg?w=250&q=90,"Senin, 19 Jan 2026 10:46 WIB",,Pertamina ESG
,https://finance.detik.com/energi/d-8313491/perkuat-kompetensi-sdm-pertamina-gandeng-itb-siapkan-insinyur-masa-depan,https://akcdn.detik.net.id/community/media/visual/2026/01/19/perkuat-kompetensi-sdm-pertamina-gandeng-itb-siapkan-insinyur-masa-depan-1768789642164_43.jpeg?w=250&q=90,"Senin, 19 Jan 2026 09:27 WIB",,Pertamina ESG
,https://news.detik.com/berita/d-8309651/pertamina-dukung-umkm-pangan-hasilkan-produk-aman-dan-berkualitas,https://akcdn.detik.net.id/community/media/visual/2026/01/15/pertamina-1768484869896_43.png?w=250&q=90,"Kamis, 15 Jan 2026 20:48 WIB",,Pertamina ESG
,https://finance.detik.com/foto-bisnis/d-7154594/genjot-kinerja-esg-pertamina-demi-udara-bersih-di-banggai,https://akcdn.detik.net.id/community/media/visual/2024/01/22/komitmen-kinerja-esg-pertamina-ep-donggi-matindok-field-2_169.jpeg?w=600&q=,"Senin, 22 Jan 2024 15:37 WIB",,Pertamina ESG
,https://finance.detik.com/energi/d-8302076/fasilitas-rfcc-complex-jadi-jantung-modernisasi-rdmp-balikpapan,https://akcdn.detik.net.id/community/media/visual/2026/01/11/rdmp-balikpapan-1768121712541_43.jpeg?w=250&q=90,"Minggu, 11 Jan 2026 15:55 WIB",,Pertamina ESG
,https://finance.detik.com/energi/d-8301932/sinergi-strategis-hilirisasi-batu-bara-wujudkan-kemandirian-energi-ri,https://akcdn.detik.net.id/community/media/visual/2026/01/11/pertamina-1768115924432_43.png?w=250&q=90,"Minggu, 11 Jan 2026 14:19 WIB",,Pertamina ESG
,https://finance.detik.com/energi/d-8301180/jadi-infrastruktur-terintegrasi-ini-proses-pembangunan-rdmp-balikpapan,https://akcdn.detik.net.id/community/media/visual/2026/01/10/pertamina-1768048259027_43.jpeg?w=250&q=90,"Sabtu, 10 Jan 2026 19:31 WIB",,Pertamina ESG
,https://www.detik.com/sumbagsel/berita/d-8318801/apa-itu-plts-ini-penjelasannya,https://akcdn.detik.net.id/community/media/visual/2023/11/18/ilustrasi-plts_43.jpeg?w=250&q=90,"Kamis, 22 Jan 2026 22:00 WIB",,PLN keberlanjutan
,https://www.detik.com/sumbagsel/berita/d-8319645/pasokan-batu-bara-pltu-bengkulu-sisa-3-hari-pln-minta-ini-ke-gubernur-sumsel,https://akcdn.detik.net.id/community/media/visual/2023/10/24/ilustrasi-hari-listrik-nasional_43.jpeg?w=250&q=90,"Kamis, 22 Jan 2026 16:21 WIB",,PLN keberlanjutan
,https://finance.detik.com/energi/d-8316353/tanpa-modal-awal-energi-surya-jadi-solusi-efisiensi-biaya-listrik-industri,https://akcdn.detik.net.id/community/media/visual/2026/01/20/sun-energy-1768905399075_43.jpeg?w=250&q=90,"Selasa, 20 Jan 2026 17:38 WIB",,PLN keberlanjutan
,https://news.detik.com/berita/d-8303292/menaker-dorong-bulan-k3-nasional-2026-fokus-bangun-ekosistem-kerja-aman,https://akcdn.detik.net.id/community/media/visual/2026/01/12/menteri-ketenagakerjaan-yassierli-1768199488488_43.jpeg?w=250&q=90,"Senin, 12 Jan 2026 13:39 WIB",,PLN keberlanjutan
,https://news.detik.com/berita/d-8288736/dukung-pembangunan-huntara-di-aceh-tamiang-pln-bantu-sambungkan-listrik,https://akcdn.detik.net.id/community/media/visual/2026/01/02/para-petugas-pln-memasang-kwh-meter-di-masing-masing-unit-rumah-hunian-danantara-huntara-aceh-tamiang-saat-ini-seluruh-hunian--1767333287532_43.jpeg?w=250&q=90,"Jumat, 02 Jan 2026 12:55 WIB",,PLN keberlanjutan
,https://finance.detik.com/energi/d-8286772/tarif-listrik-januari-maret-2026-tidak-naik,https://akcdn.detik.net.id/community/media/visual/2015/11/17/a19f0bfc-165c-451e-8956-753eb8bb7767_43.jpg?w=250&q=90,"Rabu, 31 Des 2025 20:51 WIB",,PLN keberlanjutan
,https://www.detik.com/bali/berita/d-8283842/bali-dari-bencana-ke-bencana-awal-tahun-longsor-akhir-tahun-banjir,https://akcdn.detik.net.id/community/media/visual/2025/09/13/umat-hindu-panjatkan-doa-untuk-keselamatan-di-bali-1757754928666_43.jpeg?w=250&q=90,"Selasa, 30 Des 2025 12:57 WIB",,PLN keberlanjutan
,https://finance.detik.com/berita-ekonomi-bisnis/d-8283351/bos-bulog-minta-margin-fee-10-ke-pemerintah,https://akcdn.detik.net.id/community/media/visual/2025/12/30/direktur-utama-perum-bulog-ahmad-rizal-ramdhani-1767054041840_43.jpeg?w=250&q=90,"Selasa, 30 Des 2025 07:23 WIB",,PLN keberlanjutan
,https://finance.detik.com/berita-ekonomi-bisnis/d-8265684/dorong-transisi-energi-solar-depot-huawei-hadirkan-solusi-microgrid,https://akcdn.detik.net.id/community/media/visual/2025/12/18/huawei-1766032842803_43.jpeg?w=250&q=90,"Kamis, 18 Des 2025 11:41 WIB",,PLN keberlanjutan
,https://news.detik.com/berita/d-8260468/polri-serahkan-sertifikat-audit-sistem-pengamanan-objek-vital-nasional-2025,https://akcdn.detik.net.id/community/media/visual/2025/12/15/baharkam-1765780471372_43.jpeg?w=250&q=90,"Senin, 15 Des 2025 13:34 WIB",,PLN keberlanjutan
,https://finance.detik.com/ekonomi-hijau/d-8062464/dukung-ekonomi-hijau-telkom-kembangkan-green-data-center,https://akcdn.detik.net.id/community/media/visual/2025/08/15/menurut-vice-president-vp-of-sustainability-telkom-indonesia-gunawan-wasisto-ciptaning-andri-1755237609021_43.jpeg?w=250&q=90,"Jumat, 15 Agu 2025 13:01 WIB",,Medco Energi ESG
,https://www.detik.com/jatim/berita/d-7793979/regional-indonesia-timur-subholding-pertamina-pertahankan-proper-klhk,https://akcdn.detik.net.id/community/media/visual/2025/02/24/regional-indonesia-timur-subholding-upstream-pertamina-pertahankan-penghargaan-tertinggi-proper-klhk-1740409569907_43.jpeg?w=250&q=90,"Selasa, 25 Feb 2025 03:00 WIB",,Medco Energi ESG
,https://inet.detik.com/telecommunication/d-7641248/data-center-telkom-makin-andalkan-energi-hijau,https://akcdn.detik.net.id/community/media/visual/2023/09/04/data-center-telkom_43.jpeg?w=250&q=90,"Sabtu, 16 Nov 2024 10:13 WIB",,Medco Energi ESG
,https://finance.detik.com/energi/d-7260780/dukung-transisi-energi-bni-danai-proyek-pembangkit-listrik-tenaga-surya,https://akcdn.detik.net.id/community/media/visual/2024/03/25/bni_43.jpeg?w=250&q=90,"Senin, 25 Mar 2024 16:33 WIB",,Medco Energi ESG
,https://finance.detik.com/energi/d-6953896/produksi-phe-tembus-1-04-juta-barel-minyak-ekuivalen-per-hari,https://akcdn.detik.net.id/community/media/visual/2023/09/27/blok-senoro-toili-tomori_43.jpeg?w=250&q=90,"Rabu, 27 Sep 2023 21:30 WIB",,Medco Energi ESG
,https://news.detik.com/berita/d-5874637/implementasi-esg-terintegrasi-pertamina-borong-23-proper-emas-2021,https://akcdn.detik.net.id/community/media/visual/2021/12/28/pertamina-borong-proper-emas-klhk_43.jpeg?w=250&q=90,"Selasa, 28 Des 2021 22:40 WIB",,Medco Energi ESG
,https://news.detik.com/berita/d-5295132/pertamina-borong-16-penghargaan-proper-emas-2020,https://akcdn.detik.net.id/community/media/visual/2020/12/14/pertamina-3_43.jpeg?w=250&q=90,"Senin, 14 Des 2020 22:30 WIB",,Medco Energi ESG
,https://www.detik.com/jatim/berita/d-8318330/emil-dardak-jadi-panelis-di-forum-meridian-collective-yang-bahas-ebt,https://akcdn.detik.net.id/community/media/visual/2026/01/21/wakil-gubernur-jawa-timur-emil-elestianto-mendapat-undangan-khusus-dalam-peluncuran-meridian-collective-oleh-swaniti-initiativ-1768991035716_43.jpeg?w=250&q=90,"Rabu, 21 Jan 2026 19:08 WIB",,perusahaan energi terbarukan Indonesia
,https://finance.detik.com/energi/d-8316353/tanpa-modal-awal-energi-surya-jadi-solusi-efisiensi-biaya-listrik-industri,https://akcdn.detik.net.id/community/media/visual/2026/01/20/sun-energy-1768905399075_43.jpeg?w=250&q=90,"Selasa, 20 Jan 2026 17:38 WIB",,perusahaan energi terbarukan Indonesia
,https://news.detik.com/berita/d-8315236/4-tahun-injourney-perkuat-ekosistem-aviasi-dan-pariwisata-berkelanjutan,https://akcdn.detik.net.id/community/media/visual/2026/01/20/4-tahun-injourney-perkuat-ekosistem-aviasi-dan-pariwisata-berkelanjutan-1768871963426_43.jpeg?w=250&q=90,"Selasa, 20 Jan 2026 08:19 WIB",,perusahaan energi terbarukan Indonesia
,https://www.detik.com/sumbagsel/berita/d-8313776/hemat-listrik-masjid-agung-palembang-gunakan-energi-surya,https://akcdn.detik.net.id/community/media/visual/2026/01/19/wali-kota-palembang-ratu-dewa-bersama-opd-meresmikan-panel-surya-di-masjid-agung-1768799227971_43.jpeg?w=250&q=90,"Senin, 19 Jan 2026 22:30 WIB",,perusahaan energi terbarukan Indonesia
,https://news.detik.com/kolom/d-8309318/trump-tarik-diri-indonesia-justru-harus-maju,https://akcdn.detik.net.id/community/media/visual/2025/08/25/ilustrasi-rumah-hijau-1756096026496_43.jpeg?w=250&q=90,"Sabtu, 17 Jan 2026 10:45 WIB",,perusahaan energi terbarukan Indonesia
,https://finance.detik.com/industri/d-8310923/instalasi-pabrik-baterai-rampung-indonesia-kian-dekat-industri-ev,https://akcdn.detik.net.id/community/media/visual/2026/01/16/mind-id-1768572742535_43.jpeg?w=250&q=90,"Jumat, 16 Jan 2026 21:12 WIB",,perusahaan energi terbarukan Indonesia
,https://finance.detik.com/foto-bisnis/d-3765619/pln-gandeng-prancis-bikin-pembangkit-tenaga-angin-dan-matahari,https://akcdn.detik.net.id/community/media/visual/2017/12/12/4e81ac53-62fe-42c4-96df-5eb5e6db6f8c_169.jpg?w=600&q=,"Selasa, 12 Des 2017 09:51 WIB",,perusahaan energi terbarukan Indonesia
,https://finance.detik.com/energi/d-8309606/perusahaan-as-menang-lelang-garap-harta-karun-di-halmahera,https://akcdn.detik.net.id/community/media/visual/2015/12/15/41962280-4470-4576-82ac-2f97237d8131_43.jpg?w=250&q=90,"Kamis, 15 Jan 2026 21:00 WIB",,perusahaan energi terbarukan Indonesia
,https://finance.detik.com/berita-ekonomi-bisnis/d-8302955/banjir-investasi-china-16-proyek-rp-36-t-masuk-indonesia,https://akcdn.detik.net.id/community/media/visual/2025/09/16/menko-perekonomian-airlangga-hartarto-1758022927965_43.jpeg?w=250&q=90,"Senin, 12 Jan 2026 11:20 WIB",,perusahaan energi terbarukan Indonesia
,https://finance.detik.com/bursa-dan-valas/d-8284423/dua-tahun-perdagangan-transaksi-bursa-karbon-cuma-rp-80-75-m,https://akcdn.detik.net.id/community/media/visual/2023/05/30/kredit-karbon-2_43.jpeg?w=250&q=90,"Selasa, 30 Des 2025 16:08 WIB",,perusahaan energi terbarukan Indonesia
,https://www.detik.com/jogja/budaya/d-8318874/ramalan-shio-hari-ini-22-januari-2026-cek-siapa-yang-hoki-dan-rugi,https://akcdn.detik.net.id/community/media/visual/2026/01/22/shio-kerbau-1769045840716_43.jpeg?w=250&q=90,"Kamis, 22 Jan 2026 09:04 WIB",,saham energi hijau
,https://www.detik.com/jogja/budaya/d-8315587/ramalan-shio-hari-ini-20-januari-2026-cek-peruntungan-asmaramu,https://akcdn.detik.net.id/community/media/visual/2026/01/20/ilustrasi-ramalan-shio-1768885892653_43.png?w=250&q=90,"Selasa, 20 Jan 2026 12:16 WIB",,saham energi hijau
,https://finance.detik.com/bursa-dan-valas/d-8313453/ihsg-naik-ke-9-075-bris-catat-pembiayaan-umkm-tumbuh-asii-mau-buyback,https://akcdn.detik.net.id/community/media/visual/2026/01/19/bursa-dan-valas-1768787007-1768787008012_43.jpeg?w=250&q=90,"Senin, 19 Jan 2026 08:54 WIB",,saham energi hijau
,https://news.detik.com/kolom/d-8312596/air-jakarta-antara-krisis-tata-kelola-dan-jalan-transformasi,https://akcdn.detik.net.id/community/media/visual/2025/10/29/ilustrasi-air-bersih-1761709174262_43.jpeg?w=250&q=90,"Minggu, 18 Jan 2026 13:58 WIB",,saham energi hijau
,https://www.detik.com/jogja/budaya/d-8311223/ramalan-shio-hari-ini-17-januari-2026-cek-energi-kamu-hoki-atau-rugi,https://akcdn.detik.net.id/community/media/visual/2026/01/17/shio-tikus-1768617780418_43.jpeg?w=250&q=90,"Sabtu, 17 Jan 2026 10:17 WIB",,saham energi hijau
,https://www.detik.com/jogja/budaya/d-8310183/ramalan-shio-hari-ini-16-januari-2026-lihat-peruntunganmu-hoki-atau-rugi,https://akcdn.detik.net.id/community/media/visual/2026/01/16/shio-macan-atau-harimau-1768537421921_43.jpeg?w=250&q=90,"Jumat, 16 Jan 2026 11:48 WIB",,saham energi hijau
,https://www.detik.com/jogja/budaya/d-8306909/ramalan-shio-hari-ini-14-januari-2026-siapa-saja-yang-hoki-dan-rugi,https://akcdn.detik.net.id/community/media/visual/2025/02/24/ramalan-shio-1740360811154_43.jpeg?w=250&q=90,"Rabu, 14 Jan 2026 13:40 WIB",,saham energi hijau
,https://finance.detik.com/bursa-dan-valas/d-8293833/ihsg-menguat-di-awal-pekan-simak-aksi-emiten-yang-warnai-perdagangan,https://akcdn.detik.net.id/community/media/visual/2026/01/06/bursa-dan-valas-1767663055-1767663055726_43.jpeg?w=250&q=90,"Selasa, 06 Jan 2026 08:36 WIB",,saham energi hijau
,https://www.detik.com/sulsel/berita/d-8288240/apa-shio-2026-ini-simbol-lengkap-elemen-karakter-hingga-ramalannya,https://akcdn.detik.net.id/community/media/visual/2025/12/31/ilustrasi-shio-kuda-tahun-2026-1767180454482_43.jpeg?w=250&q=90,"Jumat, 02 Jan 2026 06:01 WIB",,saham energi hijau
,https://finance.detik.com/bursa-dan-valas/d-8283438/ihsg-menguat-ke-8-644-cuan-akuisisi-tambang-dan-toba-buyback-10-modal,https://akcdn.detik.net.id/community/media/visual/2025/12/30/bursa-dan-valas-1767057885-1767057885977_43.jpeg?w=250&q=90,"Selasa, 30 Des 2025 09:04 WIB",,saham energi hijau
,https://finance.detik.com/energi/d-8316353/tanpa-modal-awal-energi-surya-jadi-solusi-efisiensi-biaya-listrik-industri,https://akcdn.detik.net.id/community/media/visual/2026/01/20/sun-energy-1768905399075_43.jpeg?w=250&q=90,"Selasa, 20 Jan 2026 17:38 WIB",,pengurangan emisi sektor energi
,https://travel.detik.com/travel-news/d-8314996/rayakan-hut-ke-4-injourney-fokus-lestarikan-indonesia,https://akcdn.detik.net.id/community/media/visual/2026/01/19/jumpa-pers-hut-injourney-1768832860128_43.jpeg?w=250&q=90,"Senin, 19 Jan 2026 21:45 WIB",,pengurangan emisi sektor energi
,https://news.detik.com/kolom/d-8309318/trump-tarik-diri-indonesia-justru-harus-maju,https://akcdn.detik.net.id/community/media/visual/2025/08/25/ilustrasi-rumah-hijau-1756096026496_43.jpeg?w=250&q=90,"Sabtu, 17 Jan 2026 10:45 WIB",,pengurangan emisi sektor energi
,https://finance.detik.com/berita-ekonomi-bisnis/d-8265684/dorong-transisi-energi-solar-depot-huawei-hadirkan-solusi-microgrid,https://akcdn.detik.net.id/community/media/visual/2025/12/18/huawei-1766032842803_43.jpeg?w=250&q=90,"Kamis, 18 Des 2025 11:41 WIB",,pengurangan emisi sektor energi
,https://inet.detik.com/business/d-8257864/modena-energy-bikin-instalasi-solar-panel-1-700-kwp-di-gresik,https://akcdn.detik.net.id/community/media/visual/2025/12/13/panel-surya-modena-energy-1765605987103_43.jpeg?w=250&q=90,"Sabtu, 13 Des 2025 13:54 WIB",,pengurangan emisi sektor energi
,https://inet.detik.com/cyberlife/d-8257447/bos-apple-ngaku-sulit-menuju-net-zero-2030-ini-tantangannya,https://akcdn.detik.net.id/community/media/visual/2025/12/12/lisa-jackson-1765536128427_43.jpeg?w=250&q=90,"Sabtu, 13 Des 2025 08:00 WIB",,pengurangan emisi sektor energi
,https://finance.detik.com/energi/d-8254988/sinergi-pertamina-giz-langkah-nyata-tingkatkan-komitmen-keberlanjutan,https://akcdn.detik.net.id/community/media/visual/2025/12/11/pertamina-1765446886862_43.jpeg?w=250&q=90,"Kamis, 11 Des 2025 16:57 WIB",,pengurangan emisi sektor energi
,https://finance.detik.com/berita-ekonomi-bisnis/d-8249244/konsistensi-terapkan-esg-pupuk-kaltim-raih-platinum-asrrat-ke-8,https://akcdn.detik.net.id/community/media/visual/2025/12/08/pupuk-kaltim-1765183758155_43.jpeg?w=250&q=90,"Senin, 08 Des 2025 15:49 WIB",,pengurangan emisi sektor energi
,https://finance.detik.com/industri/d-8245061/kemenperin-tinjau-teknologi-baru-pembuat-baja-ramah-lingkungan-di-italia,https://akcdn.detik.net.id/community/media/visual/2025/12/05/kemenperin-1764921906389_43.jpeg?w=250&q=90,"Jumat, 05 Des 2025 13:08 WIB",,pengurangan emisi sektor energi
,https://www.detik.com/jatim/berita/d-8240294/surabaya-berpeluang-lebih-hemat-energi-ini-yang-perlu-dikembangkan,https://akcdn.detik.net.id/community/media/visual/2025/12/02/konsorsium-seti-dan-pemkot-surabaya-saat-membahas-konsumsi-energi-1764672128182_43.jpeg?w=250&q=90,"Rabu, 03 Des 2025 05:30 WIB",,pengurangan emisi sektor energi
,https://news.detik.com/dw/d-8274156/india-perluas-sektor-nuklir-gaet-investor-asing-dan-swasta,https://akcdn.detik.net.id/community/media/visual/2025/12/23/india-perluas-sektor-nuklir-gaet-investor-asing-dan-swasta-1766482246494_43.jpeg?w=250&q=90,"Selasa, 23 Des 2025 16:30 WIB",,energi karbon netral
,https://inet.detik.com/cyberlife/d-8261006/lisa-jackson-kenang-momen-di-atap-apple-park-upaya-lindungi-hutan-ri,https://akcdn.detik.net.id/community/media/visual/2025/12/12/lisa-jackson-1765536128544_43.jpeg?w=250&q=90,"Senin, 15 Des 2025 21:00 WIB",,energi karbon netral
,https://inet.detik.com/cyberlife/d-8257447/bos-apple-ngaku-sulit-menuju-net-zero-2030-ini-tantangannya,https://akcdn.detik.net.id/community/media/visual/2025/12/12/lisa-jackson-1765536128427_43.jpeg?w=250&q=90,"Sabtu, 13 Des 2025 08:00 WIB",,energi karbon netral
,https://inet.detik.com/cyberlife/d-8257231/bukan-iphone-hutan-sumatera-kunci-apple-kejar-netral-karbon-2030,https://akcdn.detik.net.id/community/media/visual/2025/12/12/apple-2030-1765536478356_43.png?w=250&q=90,"Jumat, 12 Des 2025 21:00 WIB",,energi karbon netral
,https://finance.detik.com/bursa-dan-valas/d-8226035/emiten-ini-gandeng-perusahaan-thailand-buat-perluas-pembiayaan-hijau,https://akcdn.detik.net.id/community/media/visual/2021/11/19/ihsg-ditutup-menguat-1_43.jpeg?w=250&q=90,"Senin, 24 Nov 2025 14:31 WIB",,energi karbon netral
,https://news.detik.com/dw/d-8210643/mengapa-rencana-pusat-data-google-khawatirkan-jerman,https://akcdn.detik.net.id/community/media/visual/2025/11/14/mengapa-rencana-pusat-data-google-khawatirkan-jerman-1763106891051_43.jpeg?w=250&q=90,"Jumat, 14 Nov 2025 14:54 WIB",,energi karbon netral
,https://finance.detik.com/foto-bisnis/d-7784600/melihat-pameran-miniatur-alat-percepat-karbon-netral,https://akcdn.detik.net.id/community/media/visual/2025/02/18/melihat-pameran-miniatur-alat-percepat-karbon-netral-5_169.jpeg?w=600&q=,"Selasa, 18 Feb 2025 20:30 WIB",,energi karbon netral
,https://www.detik.com/edu/detikpedia/d-8201023/bioetanol-untuk-bbm-pakar-its-beberkan-hasil-penelitiannya-soal-ini,https://akcdn.detik.net.id/community/media/visual/2025/09/18/ilustrasi-bbm-1758191151008_43.png?w=250&q=90,"Minggu, 09 Nov 2025 10:00 WIB",,energi karbon netral
,https://oto.detik.com/berita/d-8192924/toyota-kembangkan-teknologi-ubah-sampah-jadi-bahan-bakar-kendaraan,https://akcdn.detik.net.id/community/media/visual/2025/11/04/fasilitas-rabit-di-fukushima-1762219560504_43.jpeg?w=250&q=90,"Selasa, 04 Nov 2025 10:07 WIB",,energi karbon netral
,https://oto.detik.com/kendaraan-niaga/d-8192219/kenalin-ini-isuzu-elf-listrik-yang-cocok-buat-jadi-truk-sampah,https://akcdn.detik.net.id/community/media/visual/2025/11/03/isuzu-elf-ev-1762160723436_43.jpeg?w=250&q=90,"Senin, 03 Nov 2025 18:02 WIB",,energi karbon netral
,https://finance.detik.com/berita-ekonomi-bisnis/d-8321173/ri-mau-genjot-investasi-ai-buat-dorong-ekonomi-begini-jurusnya,https://akcdn.detik.net.id/community/media/visual/2026/01/23/menteri-investasi-dan-hilirisasikepala-bkpm-rosan-roeslani-di-wef-2026-davos-1769148877207_43.jpeg?w=250&q=90,"Jumat, 23 Jan 2026 13:21 WIB",,laporan keberlanjutan energi
,https://finance.detik.com/industri/d-8292734/produksi-sawit-ri-diperkirakan-tembus-49-juta-ton-tahun-ini,https://akcdn.detik.net.id/community/media/visual/2024/10/25/pasokan-kelapa-sawit-buat-bahan-baku-b50-2_43.jpeg?w=250&q=90,"Senin, 05 Jan 2026 14:11 WIB",,laporan keberlanjutan energi
,https://www.detik.com/hikmah/khazanah/d-8290733/masjidil-haram-tak-pernah-gelap-ini-rahasia-sistem-inovasi-energi-arab-saudi,https://akcdn.detik.net.id/community/media/visual/2025/09/05/masjidil-haram-1757067469279_43.jpeg?w=250&q=90,"Minggu, 04 Jan 2026 11:00 WIB",,laporan keberlanjutan energi
,https://www.detik.com/edu/detikpedia/d-8266577/sawit-ditanam-di-papua-apa-risikonya,https://akcdn.detik.net.id/community/media/visual/2025/02/14/menjaga-impian-suku-tehit-3_43.jpeg?w=250&q=90,"Kamis, 18 Des 2025 19:00 WIB",,laporan keberlanjutan energi
,https://inet.detik.com/cyberlife/d-8259927/apple-dan-wwf-selamatkan-hutan-bukit-tigapuluh-rumah-harimau-sumatera,https://akcdn.detik.net.id/community/media/visual/2025/12/15/bukit-tigapuluh-1765762792011_43.jpeg?w=250&q=90,"Senin, 15 Des 2025 09:15 WIB",,laporan keberlanjutan energi
,https://inet.detik.com/cyberlife/d-8257447/bos-apple-ngaku-sulit-menuju-net-zero-2030-ini-tantangannya,https://akcdn.detik.net.id/community/media/visual/2025/12/12/lisa-jackson-1765536128427_43.jpeg?w=250&q=90,"Sabtu, 13 Des 2025 08:00 WIB",,laporan keberlanjutan energi
,https://finance.detik.com/berita-ekonomi-bisnis/d-8253583/iafmi-tetapkan-kepemimpinan-baru-siap-perkuat-fasilitas-migas-nasional,https://akcdn.detik.net.id/community/media/visual/2025/12/16/iafmi-1765874697074_43.jpeg?w=250&q=90,"Rabu, 10 Des 2025 22:01 WIB",,laporan keberlanjutan energi
,https://www.detik.com/sulsel/makassar/d-8250281/10-sekolah-dasar-di-makassar-raih-penghargaan-adiwiyata-2025,https://akcdn.detik.net.id/community/media/visual/2025/07/16/kepala-dinas-pendidikan-kota-makassar-achi-soleman-saat-ditemui-di-ruang-kerjanya-1752676155027_43.jpeg?w=250&q=90,"Selasa, 09 Des 2025 11:30 WIB",,laporan keberlanjutan energi
,https://finance.detik.com/berita-ekonomi-bisnis/d-8249244/konsistensi-terapkan-esg-pupuk-kaltim-raih-platinum-asrrat-ke-8,https://akcdn.detik.net.id/community/media/visual/2025/12/08/pupuk-kaltim-1765183758155_43.jpeg?w=250&q=90,"Senin, 08 Des 2025 15:49 WIB",,laporan keberlanjutan energi
,https://www.detik.com/jatim/berita/d-8238857/pemprov-jatim-raih-penghargaan-proklim-lestari-utama-terbanyak-di-indonesia,https://akcdn.detik.net.id/community/media/visual/2025/12/02/pemprov-jatim-raih-penghargaan-proklim-lestari-utama-terbanyak-di-indonesia-1764646805673_43.jpeg?w=250&q=90,"Selasa, 02 Des 2025 11:15 WIB",,laporan keberlanjutan energi
,https://news.detik.com/berita/d-8209637/injourney-airports-raih-predikat-leadership-a-di-esg-leadership-awards-2025,https://akcdn.detik.net.id/community/media/visual/2025/11/13/injourney-airports-1763043236542_43.jpeg?w=250&q=90,"Kamis, 13 Nov 2025 21:14 WIB",,pengungkapan ESG energi
,https://finance.detik.com/berita-ekonomi-bisnis/d-7067340/bni-raih-penghargaan-esg-disclosure-transparency-award-2023,https://akcdn.detik.net.id/community/media/visual/2023/12/01/bni-raih-penghargaan-esg-disclosure-transparency-award-2023_43.png?w=250&q=90,"Jumat, 01 Des 2023 19:04 WIB",,pengungkapan ESG energi
,https://finance.detik.com/energi/d-6421600/perkuat-standar-tata-kelola-pertamina-jadi-supporting-company-eiti,https://akcdn.detik.net.id/community/media/visual/2022/11/23/pertamina_43.jpeg?w=250&q=90,"Rabu, 23 Nov 2022 11:24 WIB",,pengungkapan ESG energi
,https://finance.detik.com/moneter/d-6238738/tekan-risiko-perubahan-iklim-bank-bumn-naik-peringkat-cdp,https://akcdn.detik.net.id/community/media/visual/2016/01/28/5b93ba1f-4230-433d-a011-6b07a2080f72_43.jpg?w=250&q=90,"Rabu, 17 Agu 2022 09:05 WIB",,pengungkapan ESG energi
,https://finance.detik.com/berita-ekonomi-bisnis/d-5324170/bgk-dukung-sandiaga-kembangkan-pariwisata-berkelanjutan,https://akcdn.detik.net.id/community/media/visual/2021/01/05/benahi-infrastruktur-genjot-kebangkitan-pariwisata-labuan-bajo-4_43.jpeg?w=250&q=90,"Kamis, 07 Jan 2021 10:17 WIB",,pengungkapan ESG energi
,https://finance.detik.com/berita-ekonomi-bisnis/d-5311783/banyuwangi-makin-peduli-perubahan-iklim,https://akcdn.detik.net.id/community/media/visual/2020/12/05/banyuwangi_43.jpeg?w=250&q=90,"Senin, 28 Des 2020 11:58 WIB",,pengungkapan ESG energi
,https://finance.detik.com/berita-ekonomi-bisnis/d-5305827/bank-bumn-mulai-peduli-perubahan-iklim,https://akcdn.detik.net.id/community/media/visual/2020/07/02/logo-baru-kementerian-bumn-1_43.jpeg?w=250&q=90,"Selasa, 22 Des 2020 19:40 WIB",,pengungkapan ESG energi
,https://news.detik.com/berita/d-5260723/pertamina-raih-4-penghargaan-sebagai-bumn-terbaik-di-esg-awards-2020,https://akcdn.detik.net.id/community/media/visual/2020/09/14/pertamina_43.jpeg?w=250&q=90,"Rabu, 18 Nov 2020 21:06 WIB",,pengungkapan ESG energi
,https://news.detik.com/berita/d-8315236/4-tahun-injourney-perkuat-ekosistem-aviasi-dan-pariwisata-berkelanjutan,https://akcdn.detik.net.id/community/media/visual/2026/01/20/4-tahun-injourney-perkuat-ekosistem-aviasi-dan-pariwisata-berkelanjutan-1768871963426_43.jpeg?w=250&q=90,"Selasa, 20 Jan 2026 08:19 WIB",,risiko iklim perusahaan energi
,https://news.detik.com/kolom/d-8312596/air-jakarta-antara-krisis-tata-kelola-dan-jalan-transformasi,https://akcdn.detik.net.id/community/media/visual/2025/10/29/ilustrasi-air-bersih-1761709174262_43.jpeg?w=250&q=90,"Minggu, 18 Jan 2026 13:58 WIB",,risiko iklim perusahaan energi
,https://news.detik.com/kolom/d-8299917/sistem-internasional-pasca-invasi-as-ke-venezuela-2026,https://akcdn.detik.net.id/community/media/visual/2026/01/05/serangan-as-rusak-rumah-warga-venezuela-warga-kehilangan-tempat-tinggal-1767609468873_43.jpeg?w=250&q=90,"Sabtu, 10 Jan 2026 09:35 WIB",,risiko iklim perusahaan energi
,https://finance.detik.com/energi/d-8296905/skor-esg-naik-pertamina-peringkat-1-dunia-oil-and-gas-terintegrasi,https://akcdn.detik.net.id/community/media/visual/2026/01/07/pertamina-1767800322640_43.jpeg?w=250&q=90,"Rabu, 07 Jan 2026 22:38 WIB",,risiko iklim perusahaan energi
,https://www.detik.com/sulsel/berita/d-8292333/ambisi-serakah-donald-trump-ingin-as-kuasai-minyak-venezuela,https://akcdn.detik.net.id/community/media/visual/2026/01/04/usa-venezuelalegal-1767496691528_43.jpeg?w=250&q=90,"Senin, 05 Jan 2026 12:00 WIB",,risiko iklim perusahaan energi
,https://finance.detik.com/energi/d-8292099/trump-mau-perusahaan-as-garap-ladang-minyak-venezuela-untung-atau-buntung,https://akcdn.detik.net.id/community/media/visual/2026/01/04/usa-venezuelalegal-1767496691528_43.jpeg?w=250&q=90,"Senin, 05 Jan 2026 08:15 WIB",,risiko iklim perusahaan energi
,https://www.detik.com/edu/detikpedia/d-8283784/penambangan-tak-hanya-di-darat-tapi-kini-di-laut-studi-ungkap-dampak-ngerinya,https://akcdn.detik.net.id/community/media/visual/2025/12/28/ilustrasi-pertambangan-dasar-laut-1766907422273_43.jpeg?w=250&q=90,"Selasa, 30 Des 2025 13:00 WIB",,risiko iklim perusahaan energi
,https://www.detik.com/sumbagsel/berita/d-8257791/pertamina-hadirkan-program-sigap-mitigasi-bencana-adaptasi-iklim-di-lampung,https://akcdn.detik.net.id/community/media/visual/2025/12/13/pertamina-melakukan-program-sigap-ke-warga-untuk-mitigasi-bencana-1765601180186_43.jpeg?w=250&q=90,"Sabtu, 13 Des 2025 12:00 WIB",,risiko iklim perusahaan energi
,https://finance.detik.com/energi/d-8254988/sinergi-pertamina-giz-langkah-nyata-tingkatkan-komitmen-keberlanjutan,https://akcdn.detik.net.id/community/media/visual/2025/12/11/pertamina-1765446886862_43.jpeg?w=250&q=90,"Kamis, 11 Des 2025 16:57 WIB",,risiko iklim perusahaan energi
,https://finance.detik.com/berita-ekonomi-bisnis/d-8253412/gelar-kuliah-umum-di-unud-btn-ajak-generasi-muda-tekuni-pembiayaan-hijau,https://akcdn.detik.net.id/community/media/visual/2025/12/10/btn-1765371449056_43.jpeg?w=250&q=90,"Rabu, 10 Des 2025 19:57 WIB",,risiko iklim perusahaan energi
,https://news.detik.com/kolom/d-8295215/venezuela-minyak-dan-kembalinya-politik-kekuasaan-global-as,https://akcdn.detik.net.id/community/media/visual/2026/01/05/usa-venezuelamaduro-new-york-1767621624980_43.jpeg?w=250&q=90,"Rabu, 07 Jan 2026 10:03 WIB",,kebijakan OPEC
,https://finance.detik.com/berita-ekonomi-bisnis/d-8292395/as-tangkap-nicolas-maduro-bursa-asia-menguat-harga-minyak-bergejolak,https://akcdn.detik.net.id/community/media/visual/2025/06/13/emas-minyak-membara-usai-israel-serang-iran-1749816526884_43.jpeg?w=250&q=90,"Senin, 05 Jan 2026 11:20 WIB",,kebijakan OPEC
,https://finance.detik.com/bursa-dan-valas/d-8291529/reaksi-pasar-usai-trump-tangkap-presiden-venezuela,https://akcdn.detik.net.id/community/media/visual/2026/01/04/usa-venezuelalegal-1767496691528_43.jpeg?w=250&q=90,"Minggu, 04 Jan 2026 16:30 WIB",,kebijakan OPEC
,https://news.detik.com/dw/d-8245472/arab-saudi-vs-uea-rivalitas-yang-kian-memanas,https://akcdn.detik.net.id/community/media/visual/2025/12/05/arab-saudi-vs-uea-rivalitas-yang-kian-memanas-1764931717975_43.jpeg?w=250&q=90,"Jumat, 05 Des 2025 17:48 WIB",,kebijakan OPEC
,https://finance.detik.com/energi/d-8191052/opec-putuskan-tahan-produksi-harga-minyak-langsung-naik,https://akcdn.detik.net.id/community/media/visual/2025/06/13/emas-minyak-membara-usai-israel-serang-iran-1749816526884_43.jpeg?w=250&q=90,"Senin, 03 Nov 2025 08:12 WIB",,kebijakan OPEC
,https://finance.detik.com/energi/d-8146815/opec-sepakat-tambah-produksi-minyak-mulai-november,https://akcdn.detik.net.id/community/media/visual/2020/02/04/d431995a-9b96-4594-9c9e-6682ddc7b346_43.jpeg?w=250&q=90,"Senin, 06 Okt 2025 08:56 WIB",,kebijakan OPEC
,https://finance.detik.com/energi/d-8064859/harga-minyak-mentah-indonesia-turun,https://akcdn.detik.net.id/community/media/visual/2025/06/15/eksplorasi-sumur-minyak-1749957910335_43.jpeg?w=250&q=90,"Sabtu, 16 Agu 2025 22:30 WIB",,kebijakan OPEC
,https://finance.detik.com/energi/d-8052717/bikin-trump-geram-siapa-saja-yang-masih-doyan-minyak-diskon-rusia,https://akcdn.detik.net.id/community/media/visual/2025/08/07/momen-trump-umumkan-apple-tambah-investasi-jumbo-rp-1631-t-ke-as-1754566410451_43.jpeg?w=250&q=90,"Sabtu, 09 Agu 2025 21:35 WIB",,kebijakan OPEC
,https://news.detik.com/dw/d-8050813/mampukah-as-paksa-india-china-stop-beli-minyak-rusia,https://akcdn.detik.net.id/community/media/visual/2025/08/08/mampukah-as-paksa-india-dan-cina-stop-beli-minyak-rusia-1754623869614_43.jpeg?w=250&q=90,"Jumat, 08 Agu 2025 10:31 WIB",,kebijakan OPEC
,https://finance.detik.com/energi/d-8009584/tarif-impor-trump-bikin-harga-minyak-dunia-naik-terus,https://akcdn.detik.net.id/community/media/visual/2020/02/04/b23f7152-cf59-472e-8585-fc7f49829131_43.jpeg?w=250&q=90,"Minggu, 13 Jul 2025 22:30 WIB",,kebijakan OPEC
,https://news.detik.com/dw/d-8321657/lewat-mediasi-trump-rusia-ukraina-mulai-perundingan-di-abu-dhabi,https://akcdn.detik.net.id/community/media/visual/2026/01/23/lewat-mediasi-trump-rusia-dan-ukraina-mulai-perundingan-di-abu-dhabi-1769161163075_43.jpeg?w=250&q=90,"Jumat, 23 Jan 2026 16:39 WIB",,sanksi minyak Rusia
,https://news.detik.com/dw/d-8308242/mengapa-gejolak-iran-menarik-kepentingan-dunia,https://akcdn.detik.net.id/community/media/visual/2026/01/15/mengapa-gejolak-iran-menarik-kepentingan-dunia-1768444437659_43.jpeg?w=250&q=90,"Kamis, 15 Jan 2026 09:33 WIB",,sanksi minyak Rusia
,https://www.detik.com/jogja/berita/d-8307225/3-penyebab-mata-uang-iran-anjlok-1-dolar-as-setara-berapa-rial-saat-ini,https://akcdn.detik.net.id/community/media/visual/2026/01/14/rial-mata-uang-iran-1768379160598_43.jpeg?w=250&q=90,"Rabu, 14 Jan 2026 15:37 WIB",,sanksi minyak Rusia
,https://finance.detik.com/berita-ekonomi-bisnis/d-8306008/trump-gebuk-negara-yang-dagang-dengan-iran-as-china-bakal-makin-renggang,https://akcdn.detik.net.id/community/media/visual/2025/10/30/trump-dan-xi-jinping-saat-bertemu-di-busan-korsel-1761807333219_43.jpeg?w=250&q=90,"Selasa, 13 Jan 2026 19:31 WIB",,sanksi minyak Rusia
,https://finance.detik.com/energi/d-8300552/kejar-kejaran-di-laut-as-sita-kapal-berbendera-rusia-pembawa-minyak-venezuela,https://akcdn.detik.net.id/community/media/visual/2022/04/26/ini-kapal-tanker-minyak-rusia-yang-diblokir-greenpeace-di-norwegia_43.jpeg?w=250&q=90,"Sabtu, 10 Jan 2026 11:04 WIB",,sanksi minyak Rusia
,https://news.detik.com/kolom/d-8299917/sistem-internasional-pasca-invasi-as-ke-venezuela-2026,https://akcdn.detik.net.id/community/media/visual/2026/01/05/serangan-as-rusak-rumah-warga-venezuela-warga-kehilangan-tempat-tinggal-1767609468873_43.jpeg?w=250&q=90,"Sabtu, 10 Jan 2026 09:35 WIB",,sanksi minyak Rusia
,https://finance.detik.com/foto-bisnis/d-5973258/imbas-sanksi-rusia-harga-bensin-di-as-naik-gila-gilaan,https://akcdn.detik.net.id/community/media/visual/2022/03/08/imbas-sanksi-rusia-harga-bensin-di-as-naik-gila-gilaan-1_169.jpeg?w=600&q=,"Selasa, 08 Mar 2022 12:01 WIB",,sanksi minyak Rusia
,https://news.detik.com/internasional/d-8299857/as-mendadak-kerahkan-banyak-pesawat-militer-ke-eropa-ada-apa,https://akcdn.detik.net.id/community/media/visual/2025/07/23/pesawat-c-17-milik-angkatan-udara-as-1753252984850_43.jpeg?w=250&q=90,"Jumat, 09 Jan 2026 17:51 WIB",,sanksi minyak Rusia
,https://finance.detik.com/moneter/d-8299199/bos-ojk-ungkap-serangan-as-ke-venezuela-bisa-jadi-bom-waktu-buat-ri,https://akcdn.detik.net.id/community/media/visual/2025/07/29/ketua-dewan-komisioner-ojk-mahendra-siregar-1753775899238_43.png?w=250&q=90,"Jumat, 09 Jan 2026 13:02 WIB",,sanksi minyak Rusia
,https://news.detik.com/dw/d-8299024/apa-untung-rugi-china-usai-penangkapan-nicolas-maduro,https://akcdn.detik.net.id/community/media/visual/2026/01/09/apa-untung-rugi-cina-usai-jatuhnya-nicolas-maduro-di-venezuela-1767932407069_43.jpeg?w=250&q=90,"Jumat, 09 Jan 2026 11:20 WIB",,sanksi minyak Rusia
,https://finance.detik.com/energi/d-8301309/trump-panggil-para-bos-minyak-minta-garap-harta-karun-di-venezuela,https://akcdn.detik.net.id/community/media/visual/2026/01/04/usa-venezuelalegal-1767496691528_43.jpeg?w=250&q=90,"Minggu, 11 Jan 2026 06:30 WIB",,embargo energi
,https://finance.detik.com/energi/d-8301058/trump-panggil-bos-perusahaan-as-minta-perbaiki-industri-minyak-venezuela,https://akcdn.detik.net.id/community/media/visual/2026/01/04/usa-venezuelalegal-1767496691528_43.jpeg?w=250&q=90,"Sabtu, 10 Jan 2026 20:45 WIB",,embargo energi
,https://finance.detik.com/energi/d-8298778/raksasa-minyak-global-rebutan-minyak-venezuela,https://akcdn.detik.net.id/community/media/visual/2016/04/18/26b2f8ef-da0f-40f3-b37d-a4c4464064a8_43.jpg?w=250&q=90,"Jumat, 09 Jan 2026 08:45 WIB",,embargo energi
,https://news.detik.com/dw/d-8200144/alasan-militer-myanmar-kembali-unggul-di-medan-pertempuran,https://akcdn.detik.net.id/community/media/visual/2025/11/08/alasan-militer-myanmar-kembali-unggul-di-medan-perang-1762568386458_43.jpeg?w=250&q=90,"Sabtu, 08 Nov 2025 09:19 WIB",,embargo energi
,https://news.detik.com/bbc-world/d-8158862/kisah-raja-faisal-dari-arab-saudi-dibunuh-saat-ingin-peluk-keponakan,https://akcdn.detik.net.id/community/media/visual/2025/10/13/pembunuhan-yang-menggemparkan-kisah-raja-faisal-dari-arab-saudi-yang-dibunuh-saat-ingin-memeluk-keponakannya-50-tahun-lalu-1760350998638_43.jpeg?w=250&q=90,"Senin, 13 Okt 2025 17:23 WIB",,embargo energi
,https://www.detik.com/hikmah/khazanah/d-8135652/gaza-dan-palestina-jadi-topik-utama-di-pbb-akankah-ini-membawa-perubahan,https://akcdn.detik.net.id/community/media/visual/2025/09/29/55-kapal-dari-44-negara-bertekad-tembus-blokade-israel-dan-beri-bantuan-ke-gaza-1759127327100_43.jpeg?w=250&q=90,"Senin, 29 Sep 2025 14:00 WIB",,embargo energi
,https://news.detik.com/dw/d-8130411/iran-bantah-kembangkan-bom-atom-barat-layangkan-ultimatum-terakhir,https://akcdn.detik.net.id/community/media/visual/2025/09/25/iran-bantah-kembangkan-bom-atom-barat-layangkan-ultimatum-terakhir-1758796240587_43.jpeg?w=250&q=90,"Kamis, 25 Sep 2025 17:30 WIB",,embargo energi
,https://news.detik.com/kolom/d-8125785/logika-geoekonomi-deklarasi-new-york-untuk-perekonomian-indonesia,https://akcdn.detik.net.id/community/media/visual/2025/09/23/rezki-sri-wibowo-1758602544347_43.jpeg?w=250&q=90,"Selasa, 23 Sep 2025 11:44 WIB",,embargo energi
,https://news.detik.com/dw/d-8017429/pasokan-bom-ke-junta-myanmar-diduga-libatkan-perusahaan-china,https://akcdn.detik.net.id/community/media/visual/2025/07/18/pasokan-bom-ke-junta-myanmar-diduga-libatkan-perusahaan-cina-1752819282786_43.jpeg?w=250&q=90,"Jumat, 18 Jul 2025 13:14 WIB",,embargo energi
,https://finance.detik.com/energi/d-7981372/selat-hormuz-nuklir-dan-eskalasi-krisis,https://akcdn.detik.net.id/community/media/visual/2025/06/24/potret-kehancuran-akibat-perang-israel-vs-iran-yang-kini-gencatan-senjata-1750744344474_43.jpeg?w=250&q=90,"Rabu, 25 Jun 2025 12:36 WIB",,embargo energi
,https://finance.detik.com/berita-ekonomi-bisnis/d-8309601/warga-iran-frustrasi-ekonominya-kacau-balau,https://akcdn.detik.net.id/community/media/visual/2026/01/13/protes-anti-pemerintah-guncang-iran-ratusan-orang-tewas-1768285218036_43.jpeg?w=250&q=90,"Jumat, 16 Jan 2026 06:30 WIB",,krisis minyak Timur Tengah
,https://www.detik.com/edu/detikpedia/d-8309238/10-mata-uang-terlemah-terhadap-dolar-as-rupiah-termasuk,https://akcdn.detik.net.id/community/media/visual/2025/10/06/dolar-as-menguat-pagi-ini-tembus-rp-16579-1759722690585_43.jpeg?w=250&q=90,"Kamis, 15 Jan 2026 19:00 WIB",,krisis minyak Timur Tengah
,https://finance.detik.com/berita-ekonomi-bisnis/d-8308776/inflasi-70-cekik-rakyat-iran-hidup-makin-sulit-cari-kerja-sangat-susah,https://akcdn.detik.net.id/community/media/visual/2025/12/30/tekanan-ekonomi-nilai-tukar-rial-iran-anjlok-1767093109535_43.jpeg?w=250&q=90,"Kamis, 15 Jan 2026 14:04 WIB",,krisis minyak Timur Tengah
,https://news.detik.com/dw/d-8308242/mengapa-gejolak-iran-menarik-kepentingan-dunia,https://akcdn.detik.net.id/community/media/visual/2026/01/15/mengapa-gejolak-iran-menarik-kepentingan-dunia-1768444437659_43.jpeg?w=250&q=90,"Kamis, 15 Jan 2026 09:33 WIB",,krisis minyak Timur Tengah
,https://news.detik.com/kolom/d-8303361/dunia-pasca-norma-venezuela-dan-runtuhnya-ilusi-ketertiban-global,https://akcdn.detik.net.id/community/media/visual/2026/01/07/negara-mana-yang-mungkin-menjadi-sasaran-trump-setelah-venezuela-1767764931602_43.jpeg?w=250&q=90,"Senin, 12 Jan 2026 16:04 WIB",,krisis minyak Timur Tengah
,https://www.detik.com/hikmah/khazanah/d-8301126/profil-republik-islam-iran-yang-kini-hadapi-demo-besar-besaran,https://akcdn.detik.net.id/community/media/visual/2018/10/12/bd7409ac-111c-4d97-be2f-ffc41ba383d4_43.jpeg?w=250&q=90,"Sabtu, 10 Jan 2026 19:00 WIB",,krisis minyak Timur Tengah
,https://news.detik.com/dw/d-8301112/eskalasi-di-aleppo-suriah-dikhawatirkan-picu-perang-saudara-baru,https://akcdn.detik.net.id/community/media/visual/2026/01/10/suriah-eskalasi-di-aleppo-dikhawatirkan-picu-perang-saudara-baru-1768044853510_43.jpeg?w=250&q=90,"Sabtu, 10 Jan 2026 18:34 WIB",,krisis minyak Timur Tengah
,https://news.detik.com/kolom/d-8299917/sistem-internasional-pasca-invasi-as-ke-venezuela-2026,https://akcdn.detik.net.id/community/media/visual/2026/01/05/serangan-as-rusak-rumah-warga-venezuela-warga-kehilangan-tempat-tinggal-1767609468873_43.jpeg?w=250&q=90,"Sabtu, 10 Jan 2026 09:35 WIB",,krisis minyak Timur Tengah
,https://news.detik.com/kolom/d-8295215/venezuela-minyak-dan-kembalinya-politik-kekuasaan-global-as,https://akcdn.detik.net.id/community/media/visual/2026/01/05/usa-venezuelamaduro-new-york-1767621624980_43.jpeg?w=250&q=90,"Rabu, 07 Jan 2026 10:03 WIB",,krisis minyak Timur Tengah
,https://finance.detik.com/energi/d-8290720/negara-kaya-minyak-dikepung-demo-besar-besaran-ini-5-hal-yang-perlu-diketahui,https://akcdn.detik.net.id/community/media/visual/2026/01/03/demo-besar-besaran-di-iran-akibat-kejatuhan-kurs-yang-merembet-ke-berbagai-persoalan-apa-yang-sebenarnya-terjadi-1767442940269_43.jpeg?w=250&q=90,"Sabtu, 03 Jan 2026 19:43 WIB",,krisis minyak Timur Tengah
,https://www.detik.com/jateng/bisnis/d-8317752/nilai-tukar-rupiah-melemah-1-dollar-berapa-rupiah-hari-ini,https://akcdn.detik.net.id/community/media/visual/2026/01/21/dolar-amerika-serikat-1768980188872_43.jpeg?w=250&q=90,"Rabu, 21 Jan 2026 14:26 WIB",,kebijakan energi AS Tiongkok
,https://www.detik.com/edu/detikpedia/d-8298348/apa-dampak-konflik-as-venezuela-ke-indonesia-ini-penjelasan-dosen-hi,https://akcdn.detik.net.id/community/media/visual/2026/01/06/protes-serangan-as-ke-venezuela-terjadi-di-kota-brasil-1767674342759_43.jpeg?w=250&q=90,"Jumat, 09 Jan 2026 07:00 WIB",,kebijakan energi AS Tiongkok
,https://finance.detik.com/berita-ekonomi-bisnis/d-8249913/pengusaha-prediksi-ekonomi-tahun-depan-tumbuh-5-bukan-6,https://akcdn.detik.net.id/community/media/visual/2025/12/08/konferensi-pers-apindo-1765202319399_43.jpeg?w=250&q=90,"Senin, 08 Des 2025 21:03 WIB",,kebijakan energi AS Tiongkok
,https://news.detik.com/kolom/d-8233018/multipolaritas-timur-tengah-dan-ujian-solidaritas-g20-johannesburg,https://akcdn.detik.net.id/community/media/visual/2025/11/24/potret-gibran-di-antara-pemimpin-dunia-ktt-g20-johannesburg-1763962581174_43.jpeg?w=250&q=90,"Jumat, 28 Nov 2025 13:29 WIB",,kebijakan energi AS Tiongkok
,https://news.detik.com/kolom/d-8197794/banjir-investasi-tiongkok-untung-atau-buntung,https://akcdn.detik.net.id/community/media/visual/2024/07/11/sebuah-bendera-china-yang-sedang-berkibar-di-depan-mesin-pengangkut-kargo-di-pelabuhan-di-china_43.jpeg?w=250&q=90,"Kamis, 06 Nov 2025 18:10 WIB",,kebijakan energi AS Tiongkok
,https://news.detik.com/kolom/d-8193027/logam-tanah-jarang-dalam-pusaran-geopolitik,https://akcdn.detik.net.id/community/media/visual/2025/06/17/apa-yang-istimewa-dari-logam-tanah-jarang-1750147575401_43.jpeg?w=250&q=90,"Selasa, 04 Nov 2025 10:30 WIB",,kebijakan energi AS Tiongkok
,https://finance.detik.com/industri/d-8191610/produk-produk-impor-masih-banjiri-ri-apa-dampaknya,https://akcdn.detik.net.id/community/media/visual/2023/03/14/larangan-mencuat-begini-potret-bisnis-thrifting-di-jakarta_43.jpeg?w=250&q=90,"Senin, 03 Nov 2025 10:26 WIB",,kebijakan energi AS Tiongkok
,https://news.detik.com/kolom/d-8185372/prabowo-subianto-dan-wibawa-indonesia-di-asean,https://akcdn.detik.net.id/community/media/visual/2025/10/27/presiden-prabowo-di-ktt-asean-plus-three-1761547977558_43.jpeg?w=250&q=90,"Kamis, 30 Okt 2025 10:50 WIB",,kebijakan energi AS Tiongkok
,https://finance.detik.com/industri/d-8179187/ri-bisa-jadi-pusat-tekstil-global-menperin-ungkap-buktinya,https://akcdn.detik.net.id/community/media/visual/2025/10/02/menperin-agus-gumiwang-1759396532227_43.jpeg?w=250&q=90,"Minggu, 26 Okt 2025 17:30 WIB",,kebijakan energi AS Tiongkok
,https://news.detik.com/kolom/d-8174521/babak-baru-perang-dagang-ketika-dunia-terjebak-di-antara-dua-raksasa,https://akcdn.detik.net.id/community/media/visual/2025/05/13/awalnya-saling-ngegas-tarif-tinggi-as-china-kini-melunak-1747105367012_43.jpeg?w=250&q=90,"Kamis, 23 Okt 2025 12:10 WIB",,kebijakan energi AS Tiongkok
,https://news.detik.com/kolom/d-8321944/realisme-global-dunia-tak-di-ambang-perang,https://akcdn.detik.net.id/community/media/visual/2016/03/01/51c4dc78-dc73-4043-9f97-28afd210ca35_43.jpg?w=250&q=90,21 jam yang lalu,,keamanan energi geopolitik
,https://news.detik.com/berita/d-8321431/isi-pidato-lengkap-prabowo-di-wef-2026-davos-bicara-mbg-hingga-danantara,https://akcdn.detik.net.id/community/media/visual/2026/01/23/potret-prabowo-di-world-economic-forum-1769138839563_43.jpeg?w=250&q=90,"Jumat, 23 Jan 2026 15:14 WIB",,keamanan energi geopolitik
,https://news.detik.com/berita/d-8315222/sby-cemas-perang-dunia-iii-terjadi-pkb-ini-keresahan-banyak-warga-bangsa,https://akcdn.detik.net.id/community/media/visual/2021/05/31/daniel-johan_43.jpeg?w=250&q=90,"Selasa, 20 Jan 2026 07:51 WIB",,keamanan energi geopolitik
,https://news.detik.com/berita/d-8315178/kekhawatiran-sby-perihal-dunia-di-ambang-prahara,https://akcdn.detik.net.id/community/media/visual/2025/10/06/presiden-ke-6-ri-sby-melayat-ke-rumah-duka-istri-wapres-ke-4-ri-karlinah-umar-wirahadikusumah-turut-hadir-budiono-puan-maharan-1759733791187_43.jpeg?w=250&q=90,"Selasa, 20 Jan 2026 07:00 WIB",,keamanan energi geopolitik
,https://news.detik.com/berita/d-8313947/nasdem-nilai-pernyataan-sby-soal-perang-dunia-iii-jadi-alarm-pencegahan,https://akcdn.detik.net.id/community/media/visual/2026/01/19/kapoksi-nasdem-badan-kerja-sama-antar-parlemen-bksap-dpr-ri-amelia-anggraini-1768803631724_43.jpeg?w=250&q=90,"Senin, 19 Jan 2026 13:22 WIB",,keamanan energi geopolitik
,https://news.detik.com/kolom/d-8312596/air-jakarta-antara-krisis-tata-kelola-dan-jalan-transformasi,https://akcdn.detik.net.id/community/media/visual/2025/10/29/ilustrasi-air-bersih-1761709174262_43.jpeg?w=250&q=90,"Minggu, 18 Jan 2026 13:58 WIB",,keamanan energi geopolitik
,https://news.detik.com/dw/d-8311177/greenland-pulau-berselimut-es-yang-jadi-titik-api-dalam-politik-arktik,https://akcdn.detik.net.id/community/media/visual/2026/01/17/grinlandia-pulau-berselimut-es-yang-memanaskan-kawasan-arktik-1768617227127_43.jpeg?w=250&q=90,"Sabtu, 17 Jan 2026 09:33 WIB",,keamanan energi geopolitik
,https://news.detik.com/kolom/d-8305887/flourishing-yang-menjadi-modal-perubahan,https://akcdn.detik.net.id/community/media/visual/2026/01/13/ray-wagiu-basrowi-1768303773392_43.jpeg?w=250&q=90,"Selasa, 13 Jan 2026 18:30 WIB",,keamanan energi geopolitik
,https://news.detik.com/berita/d-8304058/21-poin-rekomendasi-rakernas-pdip-partai-penyeimbang-tolak-pilkada-via-dprd,https://akcdn.detik.net.id/community/media/visual/2026/01/10/megawati-soekanoputri-di-hut-ke-53-dan-rakernas-pdip-jakarta-sabtu-1012026-1768041030523_43.jpeg?w=250&q=90,"Senin, 12 Jan 2026 18:19 WIB",,keamanan energi geopolitik
,https://news.detik.com/kolom/d-8303361/dunia-pasca-norma-venezuela-dan-runtuhnya-ilusi-ketertiban-global,https://akcdn.detik.net.id/community/media/visual/2026/01/07/negara-mana-yang-mungkin-menjadi-sasaran-trump-setelah-venezuela-1767764931602_43.jpeg?w=250&q=90,"Senin, 12 Jan 2026 16:04 WIB",,keamanan energi geopolitik
,https://news.detik.com/kolom/d-8175262/setelah-dili-menyusul-port-moresby,https://akcdn.detik.net.id/community/media/visual/2024/09/09/foto-udara-pelabuhan-port-moresby-di-teluk-papua-1_43.jpeg?w=250&q=90,"Kamis, 23 Okt 2025 17:23 WIB",,geopolitik LNG
,https://finance.detik.com/energi/d-8094119/ascope-50-tahun-energi-kolaborasi-dan-masa-depan-asean,https://akcdn.detik.net.id/community/media/visual/2025/09/03/ascope-50-tahun-energi-kolaborasi-dan-masa-depan-asean-1756878930682_43.jpeg?w=250&q=90,"Rabu, 03 Sep 2025 12:56 WIB",,geopolitik LNG
,https://finance.detik.com/berita-ekonomi-bisnis/d-8028142/swf-danantara-dan-agenda-indonesia,https://akcdn.detik.net.id/community/media/visual/2025/07/01/wisma-danantara-indonesia-1751345496617_43.jpeg?w=250&q=90,"Jumat, 25 Jul 2025 06:52 WIB",,geopolitik LNG
,https://finance.detik.com/bursa-dan-valas/d-7982758/shell-bantah-isu-bakal-caplok-bp,https://akcdn.detik.net.id/community/media/visual/2015/12/23/ecdf553d-6d2c-4850-a969-39bb72f0dad1_43.jpg?w=250&q=90,"Kamis, 26 Jun 2025 08:49 WIB",,geopolitik LNG
,https://news.detik.com/bbc-world/d-7981103/harga-minyak-mentah-turun-usai-israel-iran-gencatan-senjata,https://akcdn.detik.net.id/community/media/visual/2025/06/25/harga-minyak-mentah-turun-setelah-israel-iran-gencatan-senjata-1750822767569_43.png?w=250&q=90,"Rabu, 25 Jun 2025 10:39 WIB",,geopolitik LNG
,https://news.detik.com/internasional/d-7978756/apa-itu-selat-hormuz-yang-diancam-ditutup-iran-letak-hingga-peran-vitalnya,https://akcdn.detik.net.id/community/media/visual/2025/06/17/selat-hormuz-jalur-perdagangan-minyak-dunia-yang-iran-ancam-tutup-1750129504827_43.jpeg?w=250&q=90,"Senin, 23 Jun 2025 18:47 WIB",,geopolitik LNG
,https://www.detik.com/edu/detikpedia/d-7978547/fakta-selat-hormuz-yang-terancam-ditutup-oleh-iran-jalur-vital-minyak-dunia,https://akcdn.detik.net.id/community/media/visual/2025/06/17/selat-hormuz-jalur-perdagangan-minyak-dunia-yang-iran-ancam-tutup-1750129504644_43.jpeg?w=250&q=90,"Senin, 23 Jun 2025 18:30 WIB",,geopolitik LNG
,https://finance.detik.com/berita-ekonomi-bisnis/d-7971877/konflik-israel-iran-pengusaha-waswas-biaya-logistik-bakal-membengkak,https://akcdn.detik.net.id/community/media/visual/2018/09/05/6def8432-2762-46e8-a59e-7c5d41dee604_43.jpeg?w=250&q=90,"Kamis, 19 Jun 2025 12:50 WIB",,geopolitik LNG
,https://finance.detik.com/energi/d-7967100/produksi-migas-pertamina-tembus-1-juta-barel-hari,https://akcdn.detik.net.id/community/media/visual/2025/05/02/pertamina-hulu-energi-1746159494646_43.jpeg?w=250&q=90,"Senin, 16 Jun 2025 17:57 WIB",,geopolitik LNG
,https://finance.detik.com/energi/d-7892478/pgn-jaga-kinerja-operasional-ketahanan-energi-nasional-di-kuartal-i-2025,https://akcdn.detik.net.id/community/media/visual/2025/04/30/pgn-1745979908579_43.jpeg?w=250&q=90,"Rabu, 30 Apr 2025 09:25 WIB",,geopolitik LNG
,https://www.detik.com/jateng/berita/d-8303177/fx-rudy-kembali-jadi-tukang-las-usai-lengser-dari-pengurus-pdip,https://akcdn.detik.net.id/community/media/visual/2024/01/01/ketua-dpc-pdip-solo-fx-hadi-rudyatmo-saat-mengelas-portal-di-kelurahan-pajang-kecamatan-laweyan-kota-solo-senin-112024_43.jpeg?w=250&q=90,"Senin, 12 Jan 2026 12:52 WIB",,politik pipa gas
,https://news.detik.com/internasional/d-8276376/proposal-damai-terbaru-dari-ukraina-didominasi-minta-modal,https://akcdn.detik.net.id/community/media/visual/2025/11/22/presiden-ukraina-volodymyr-zelensky-1763806621547_43.jpeg?w=250&q=90,"Rabu, 24 Des 2025 19:31 WIB",,politik pipa gas
,https://news.detik.com/internasional/d-8275999/ukraina-ungkap-20-poin-proposal-damai-terbaru-akankah-rusia-setuju,https://akcdn.detik.net.id/community/media/visual/2025/11/14/di-tengah-perang-zelensky-diterpa-skandal-korupsi-1763100870225_43.jpeg?w=250&q=90,"Rabu, 24 Des 2025 16:34 WIB",,politik pipa gas
,https://news.detik.com/kolom/d-7975563/bertahanlah-iran-seperti-ujian-zaman,https://akcdn.detik.net.id/community/media/visual/2018/10/12/bd7409ac-111c-4d97-be2f-ffc41ba383d4_43.jpeg?w=250&q=90,"Sabtu, 21 Jun 2025 16:19 WIB",,politik pipa gas
,https://news.detik.com/bbc-world/d-7972813/mungkinkah-iran-tutup-selat-hormuz-apa-akibatnya,https://akcdn.detik.net.id/community/media/visual/2025/06/19/mungkinkah-iran-menutup-selat-hormuz-dan-apa-akibatnya-1750334566936_43.jpeg?w=250&q=90,"Kamis, 19 Jun 2025 19:02 WIB",,politik pipa gas
,https://www.detik.com/edu/detikpedia/d-7909538/4-negara-yang-pernah-tawarkan-jadi-penengah-konflik-india-pakistan-siapa-saja,https://akcdn.detik.net.id/community/media/visual/2025/05/10/pakistan-balas-serang-india-di-perbatasan-kashmir-1746862121316_43.jpeg?w=250&q=90,"Senin, 12 Mei 2025 09:00 WIB",,politik pipa gas
,https://news.detik.com/dw/d-7906848/kenapa-uni-eropa-sulit-lepas-dari-impor-gas-rusia,https://akcdn.detik.net.id/community/media/visual/2025/05/09/dw-1746762232026_43.webp?w=250&q=90,"Jumat, 09 Mei 2025 10:42 WIB",,politik pipa gas
,https://www.detik.com/jatim/berita/d-7731630/9-orang-terkaya-asal-jawa-timur-kekayaannya-mencapai-triliunan-rupiah,https://akcdn.detik.net.id/community/media/visual/2018/08/07/a3b6dc58-0239-4345-816d-82ff5962ab43_43.jpeg?w=250&q=90,"Selasa, 14 Jan 2025 13:30 WIB",,politik pipa gas
,https://news.detik.com/bbc-world/d-7664854/rs-nepal-ubah-limbah-medis-berbahaya-jadi-bahan-bakar-untuk-memasak,https://akcdn.detik.net.id/community/media/visual/2024/11/30/bbc_43.webp?w=250&q=90,"Sabtu, 30 Nov 2024 19:01 WIB",,politik pipa gas
,https://news.detik.com/dw/d-7634733/apa-dampak-kemenangan-donald-trump-bagi-iklim-bumi,https://akcdn.detik.net.id/community/media/visual/2024/11/12/apa-dampak-kemenangan-donald-trump-bagi-iklim-bumi_43.jpeg?w=250&q=90,"Selasa, 12 Nov 2024 14:32 WIB",,politik pipa gas
,https://news.detik.com/dw/d-8306893/trump-ancam-tarif-baru-bagi-negara-yang-berbisnis-dengan-iran-china-terseret,https://akcdn.detik.net.id/community/media/visual/2026/01/14/trump-ancam-tarif-baru-bagi-negara-yang-berbisnis-dengan-iran-cina-terseret-1768372026120_43.jpeg?w=250&q=90,"Rabu, 14 Jan 2026 13:27 WIB",,perang dagang minyak
,https://finance.detik.com/berita-ekonomi-bisnis/d-8306008/trump-gebuk-negara-yang-dagang-dengan-iran-as-china-bakal-makin-renggang,https://akcdn.detik.net.id/community/media/visual/2025/10/30/trump-dan-xi-jinping-saat-bertemu-di-busan-korsel-1761807333219_43.jpeg?w=250&q=90,"Selasa, 13 Jan 2026 19:31 WIB",,perang dagang minyak
,https://finance.detik.com/berita-ekonomi-bisnis/d-8304580/trump-ancam-patok-tarif-25-buat-negara-yang-berbisnis-dengan-iran,https://akcdn.detik.net.id/community/media/visual/2025/12/12/tangan-kanan-trump-tampak-dipasangi-plester-luka-1765522655150_43.jpeg?w=250&q=90,"Selasa, 13 Jan 2026 09:10 WIB",,perang dagang minyak
,https://news.detik.com/kolom/d-8299917/sistem-internasional-pasca-invasi-as-ke-venezuela-2026,https://akcdn.detik.net.id/community/media/visual/2026/01/05/serangan-as-rusak-rumah-warga-venezuela-warga-kehilangan-tempat-tinggal-1767609468873_43.jpeg?w=250&q=90,"Sabtu, 10 Jan 2026 09:35 WIB",,perang dagang minyak
,https://finance.detik.com/berita-ekonomi-bisnis/d-8292845/prospek-ekonomi-2026-kelas-menengah-masih-tertekan,https://akcdn.detik.net.id/community/media/visual/2026/01/05/thumbnail-detiksore-5-januari-2025-1767599479394_43.jpeg?w=250&q=90,"Senin, 05 Jan 2026 14:53 WIB",,perang dagang minyak
,https://finance.detik.com/berita-ekonomi-bisnis/d-8291691/india-ubah-strategi-buat-hadapi-tarif-impor-trump,https://akcdn.detik.net.id/community/media/visual/2025/12/31/india-salip-jepang-jadi-negara-dengan-ekonomi-terbesar-keempat-dunia-1767177325237_43.jpeg?w=250&q=90,"Minggu, 04 Jan 2026 19:30 WIB",,perang dagang minyak
,https://www.detik.com/kalimantan/berita/d-8246099/sejarah-sarawak-sabah-masuk-malaysia-yang-mau-diganyang-sukarno,https://akcdn.detik.net.id/community/media/visual/2025/07/10/peta-pulau-kalimantan-1752128618375_43.png?w=250&q=90,"Sabtu, 06 Des 2025 11:00 WIB",,perang dagang minyak
,https://news.detik.com/dw/d-8243146/membaca-sinyal-kunjungan-putin-ke-india-di-tengah-tekanan-as,https://akcdn.detik.net.id/community/media/visual/2025/12/04/membaca-sinyal-kunjungan-putin-ke-india-di-tengah-tekanan-as-1764833182041_43.jpeg?w=250&q=90,"Kamis, 04 Des 2025 14:26 WIB",,perang dagang minyak
,https://www.detik.com/kalimantan/berita/d-8232568/perjanjian-anglo-dutch-treaty-1824-yang-pisahkan-borneo-jadi-3-negara,https://akcdn.detik.net.id/community/media/visual/2025/11/28/perjanjian-anglo-dutch-treaty-1824-1764296353937_43.jpeg?w=250&q=90,"Jumat, 28 Nov 2025 10:00 WIB",,perang dagang minyak
,https://www.detik.com/kalimantan/berita/d-8231133/sejarah-borneo-dari-jalur-emas-nusantara-hingga-terbagi-jadi-3-negara,https://akcdn.detik.net.id/community/media/visual/2023/11/25/pulau-borneo_43.png?w=250&q=90,"Kamis, 27 Nov 2025 13:00 WIB",,perang dagang minyak
,https://news.detik.com/dw/d-8321657/lewat-mediasi-trump-rusia-ukraina-mulai-perundingan-di-abu-dhabi,https://akcdn.detik.net.id/community/media/visual/2026/01/23/lewat-mediasi-trump-rusia-dan-ukraina-mulai-perundingan-di-abu-dhabi-1769161163075_43.jpeg?w=250&q=90,"Jumat, 23 Jan 2026 16:39 WIB",,sanksi energi Rusia
,https://news.detik.com/dw/d-8308242/mengapa-gejolak-iran-menarik-kepentingan-dunia,https://akcdn.detik.net.id/community/media/visual/2026/01/15/mengapa-gejolak-iran-menarik-kepentingan-dunia-1768444437659_43.jpeg?w=250&q=90,"Kamis, 15 Jan 2026 09:33 WIB",,sanksi energi Rusia
,https://news.detik.com/kolom/d-8299917/sistem-internasional-pasca-invasi-as-ke-venezuela-2026,https://akcdn.detik.net.id/community/media/visual/2026/01/05/serangan-as-rusak-rumah-warga-venezuela-warga-kehilangan-tempat-tinggal-1767609468873_43.jpeg?w=250&q=90,"Sabtu, 10 Jan 2026 09:35 WIB",,sanksi energi Rusia
,https://www.detik.com/edu/detikpedia/d-8298348/apa-dampak-konflik-as-venezuela-ke-indonesia-ini-penjelasan-dosen-hi,https://akcdn.detik.net.id/community/media/visual/2026/01/06/protes-serangan-as-ke-venezuela-terjadi-di-kota-brasil-1767674342759_43.jpeg?w=250&q=90,"Jumat, 09 Jan 2026 07:00 WIB",,sanksi energi Rusia
,https://www.detik.com/jogja/berita/d-8294858/apakah-venezuela-negara-bagian-amerika-serikat-ini-faktanya,https://akcdn.detik.net.id/community/media/visual/2016/04/28/6aeb086f-e5fe-4178-ab1c-f454fbf7fd36_43.jpg?w=250&q=90,"Selasa, 06 Jan 2026 17:33 WIB",,sanksi energi Rusia
,https://news.detik.com/kolom/d-8293943/resonansi-venezuela-dan-unilateralisme-global,https://akcdn.detik.net.id/community/media/visual/2026/01/05/serangan-as-rusak-rumah-warga-venezuela-warga-kehilangan-tempat-tinggal-1767609468794_43.jpeg?w=250&q=90,"Selasa, 06 Jan 2026 10:12 WIB",,sanksi energi Rusia
,https://news.detik.com/foto-news/d-2650498/obama-umumkan-sanksi-baru-ke-rusia-soal-ukraina,https://akcdn.detik.net.id/customthumb/2014/07/30/157/obama-cover.jpg?w=600,"Rabu, 30 Jul 2014 13:26 WIB",,sanksi energi Rusia
,https://news.detik.com/dw/d-8292950/gimana-nasib-minyak-venezuela-setelah-as-singkirkan-maduro,https://akcdn.detik.net.id/community/media/visual/2026/01/05/dw-1767602872297_43.webp?w=250&q=90,"Senin, 05 Jan 2026 15:46 WIB",,sanksi energi Rusia
,https://news.detik.com/dw/d-8269010/kenapa-as-ingin-gulingkan-rezim-nicolas-maduro-di-venezuela,https://akcdn.detik.net.id/community/media/visual/2025/12/20/kenapa-as-ingin-gulingkan-rejim-otoriter-maduro-di-venezuela-1766197505642_43.jpeg?w=250&q=90,"Sabtu, 20 Des 2025 09:25 WIB",,sanksi energi Rusia
,https://finance.detik.com/energi/d-8246991/putin-janji-pasok-minyak-ke-india-di-tengah-ancaman-as,https://akcdn.detik.net.id/community/media/visual/2024/07/09/momen-putin-ajak-pm-india-modi-keliling-kediamannya-di-dekat-moskow_43.jpeg?w=250&q=90,"Sabtu, 06 Des 2025 21:31 WIB",,sanksi energi Rusia
,https://finance.detik.com/energi/d-8322319/produksi-blok-rokan-dipantau-ketat-usai-insiden-pipa-gas-bocor,https://akcdn.detik.net.id/community/media/visual/2023/04/17/662-sumur-sudah-dibor-sejak-rokan-balik-ke-pangkuan-ri-2_43.jpeg?w=250&q=90,"Jumat, 23 Jan 2026 22:50 WIB",,gangguan pasokan gas
,https://finance.detik.com/industri/d-8291141/industri-keramik-mulai-pulih-produksi-naik-15,https://akcdn.detik.net.id/community/media/visual/2024/08/26/asosiasi-aneka-industri-keramik-mengadu-ke-dpr_43.jpeg?w=250&q=90,"Minggu, 04 Jan 2026 08:45 WIB",,gangguan pasokan gas
,https://finance.detik.com/energi/d-8286633/pln-siagakan-ribuan-personel-jaga-pasokan-listrik-selama-nataru,https://akcdn.detik.net.id/community/media/visual/2024/12/06/pln-ip_43.jpeg?w=250&q=90,"Rabu, 31 Des 2025 17:26 WIB",,gangguan pasokan gas
,https://www.detik.com/jatim/berita/d-8273403/belajar-dari-bencana-sumatra-pln-pertebal-pengamanan-listrik-di-jatim,https://akcdn.detik.net.id/community/media/visual/2025/12/23/wakil-kepala-badan-pengaturan-bumn-aminuddin-maruf-saat-kunjungan-kerja-ke-pln-unit-induk-distribusi-uid-jawa-timur-1766463474421_43.jpeg?w=250&q=90,"Selasa, 23 Des 2025 11:18 WIB",,gangguan pasokan gas
,https://health.detik.com/diet/d-8273031/viral-pengungsi-berhari-hari-makan-mi-mentah-apa-dampaknya-bagi-kesehatan,https://akcdn.detik.net.id/community/media/visual/2025/12/22/1215842295-1766407398216_43.jpeg?w=250&q=90,"Selasa, 23 Des 2025 06:33 WIB",,gangguan pasokan gas
,https://inet.detik.com/cyberlife/d-8271505/taksi-otonom-waymo-bikin-jalanan-lumpuh-gegara-listrik-padam,https://akcdn.detik.net.id/community/media/visual/2024/10/04/waymo-ioniq-5_43.webp?w=250&q=90,"Senin, 22 Des 2025 11:32 WIB",,gangguan pasokan gas
,https://finance.detik.com/foto-bisnis/d-6422047/mengintip-gardu-listrik-jerman-yang-disiapkan-buat-musim-dingin,https://akcdn.detik.net.id/community/media/visual/2022/11/23/mengintip-gardu-listrik-jerman-yang-disiapkan-buat-musim-dingin_169.jpeg?w=600&q=,"Rabu, 23 Nov 2022 18:00 WIB",,gangguan pasokan gas
,https://finance.detik.com/energi/d-8267050/spbu-dekat-lokasi-banjir-pidie-raya-kembali-normal,https://akcdn.detik.net.id/community/media/visual/2025/10/05/ilustrasi-isi-bbm-1759678449848_43.jpeg?w=250&q=90,"Kamis, 18 Des 2025 19:15 WIB",,gangguan pasokan gas
,https://www.detik.com/bali/berita/d-8262962/pasokan-listrik-bali-aman-saat-nataru-masa-siaga-kelistrikan-hingga-5-januari,https://akcdn.detik.net.id/community/media/visual/2025/12/16/pimpinan-dan-management-pt-pln-persero-uid-bali-saat-melakukan-pengecekan-kesiapan-armada-pendukung-siaga-nataru-pada-selasa-1-1765880107255_43.jpeg?w=250&q=90,"Selasa, 16 Des 2025 17:15 WIB",,gangguan pasokan gas
,https://finance.detik.com/energi/d-8251867/kondisi-terkini-pasokan-bbm-ke-aceh-sumut-dan-sumbar,https://akcdn.detik.net.id/community/media/visual/2025/11/28/pertamina-pastikan-jaga-ketersediaan-bbm-di-aceh-sumut-sumbar-1764313114895_43.jpeg?w=250&q=90,"Selasa, 09 Des 2025 22:39 WIB",,gangguan pasokan gas
,https://inet.detik.com/cyberlife/d-8313019/bos-google-sebut-ai-buatan-china-pepet-amerika,https://akcdn.detik.net.id/community/media/visual/2025/01/31/deepseek_43.png?w=250&q=90,"Minggu, 18 Jan 2026 21:01 WIB",,larangan ekspor energi
,https://news.detik.com/kolom/d-8299917/sistem-internasional-pasca-invasi-as-ke-venezuela-2026,https://akcdn.detik.net.id/community/media/visual/2026/01/05/serangan-as-rusak-rumah-warga-venezuela-warga-kehilangan-tempat-tinggal-1767609468873_43.jpeg?w=250&q=90,"Sabtu, 10 Jan 2026 09:35 WIB",,larangan ekspor energi
,https://finance.detik.com/berita-ekonomi-bisnis/d-8296904/china-keluarkan-larangan-ekspor-jepang-protes-keras,https://akcdn.detik.net.id/community/media/visual/2024/07/11/sebuah-bendera-china-yang-sedang-berkibar-di-depan-mesin-pengangkut-kargo-di-pelabuhan-di-china_43.jpeg?w=250&q=90,"Rabu, 07 Jan 2026 22:37 WIB",,larangan ekspor energi
,https://news.detik.com/kolom/d-8295215/venezuela-minyak-dan-kembalinya-politik-kekuasaan-global-as,https://akcdn.detik.net.id/community/media/visual/2026/01/05/usa-venezuelamaduro-new-york-1767621624980_43.jpeg?w=250&q=90,"Rabu, 07 Jan 2026 10:03 WIB",,larangan ekspor energi
,https://news.detik.com/dw/d-8289929/tensi-mendidih-antara-uea-dan-arab-saudi-soal-masa-depan-yaman,https://akcdn.detik.net.id/community/media/visual/2026/01/03/tensi-mendidih-antara-uea-dan-arab-saudi-soal-masa-depan-yaman-1767406512418_43.jpeg?w=250&q=90,"Sabtu, 03 Jan 2026 09:15 WIB",,larangan ekspor energi
,https://news.detik.com/dw/d-8216395/mahalnya-ketergantungan-jerman-pada-bahan-mentah-dari-china,https://akcdn.detik.net.id/community/media/visual/2025/11/18/mahalnya-ketergantungan-jerman-pada-bahan-mentah-dari-cina-1763449779963_43.jpeg?w=250&q=90,"Selasa, 18 Nov 2025 14:09 WIB",,larangan ekspor energi
,https://finance.detik.com/energi/d-8205373/hilirisasi-infrastruktur-konektivitas-energi-hingga-wilayah-3t,https://akcdn.detik.net.id/community/media/visual/2025/09/25/empat-tangki-baru-hadir-di-balongan-siap-dongkrak-ketahanan-energi-1758805620444_43.jpeg?w=250&q=90,"Selasa, 11 Nov 2025 14:54 WIB",,larangan ekspor energi
,https://news.detik.com/kolom/d-8197794/banjir-investasi-tiongkok-untung-atau-buntung,https://akcdn.detik.net.id/community/media/visual/2024/07/11/sebuah-bendera-china-yang-sedang-berkibar-di-depan-mesin-pengangkut-kargo-di-pelabuhan-di-china_43.jpeg?w=250&q=90,"Kamis, 06 Nov 2025 18:10 WIB",,larangan ekspor energi
,https://news.detik.com/kolom/d-8193027/logam-tanah-jarang-dalam-pusaran-geopolitik,https://akcdn.detik.net.id/community/media/visual/2025/06/17/apa-yang-istimewa-dari-logam-tanah-jarang-1750147575401_43.jpeg?w=250&q=90,"Selasa, 04 Nov 2025 10:30 WIB",,larangan ekspor energi
,https://news.detik.com/berita/d-8176612/apa-itu-pome-yang-bikin-kejagung-geledah-bea-cukai,https://akcdn.detik.net.id/community/media/visual/2024/02/18/panen-kelapa-sawit_43.jpeg?w=250&q=90,"Jumat, 24 Okt 2025 15:15 WIB",,larangan ekspor energi
,https://www.detik.com/jabar/berita/d-8312355/proyek-ambisius-china-mau-bikin-pulau-raksasa-buatan,https://akcdn.detik.net.id/community/media/visual/2026/01/15/ilustrasi-pulau-buatan-1768473844651_43.png?w=250&q=90,"Minggu, 18 Jan 2026 23:00 WIB",,cadangan minyak strategis
,https://www.detik.com/jatim/berita/d-8313121/12-tahun-nimbun-pasir-china-ciptakan-pulau-buatan-raksasa,https://akcdn.detik.net.id/community/media/visual/2026/01/15/ilustrasi-pulau-buatan-1768473844651_43.png?w=250&q=90,"Minggu, 18 Jan 2026 21:30 WIB",,cadangan minyak strategis
,https://inet.detik.com/science/d-8312195/china-ciptakan-pulau-buatan-raksasa-setelah-12-tahun-nimbun-pasir,https://akcdn.detik.net.id/community/media/visual/2026/01/15/ilustrasi-pulau-buatan-1768473844651_43.png?w=250&q=90,"Minggu, 18 Jan 2026 09:10 WIB",,cadangan minyak strategis
,https://20.detik.com/detikflash/20211124-211124152/harga-bbm-di-as-melonjak-tinggi,https://cdnv.detik.com/videoservice/AdminTV/2021/11/24/310299882d554f82a0755b1f25bb4449-20211124225558-0s.jpg?w=900,"Minggu, 25 Jan 2026 12:51 WIB",,cadangan minyak strategis
,https://news.detik.com/dw/d-8308242/mengapa-gejolak-iran-menarik-kepentingan-dunia,https://akcdn.detik.net.id/community/media/visual/2026/01/15/mengapa-gejolak-iran-menarik-kepentingan-dunia-1768444437659_43.jpeg?w=250&q=90,"Kamis, 15 Jan 2026 09:33 WIB",,cadangan minyak strategis
,https://news.detik.com/berita/d-8305963/prabowo-harus-diakui-pekerjaan-tim-pertanian-kita-membanggakan,https://akcdn.detik.net.id/community/media/visual/2026/01/13/presiden-prabowo-subianto-1768306450174_43.jpeg?w=250&q=90,"Selasa, 13 Jan 2026 19:15 WIB",,cadangan minyak strategis
,https://www.detik.com/kalimantan/bisnis/d-8304576/cerita-bahlil-soal-proyek-rdmp-balikpapan-pernah-ditolak-hingga-terbakar,https://akcdn.detik.net.id/community/media/visual/2026/01/12/menteri-esdm-bahlil-lahadalia-1768210384948_43.jpeg?w=250&q=90,"Selasa, 13 Jan 2026 08:33 WIB",,cadangan minyak strategis
,https://finance.detik.com/energi/d-8304477/ini-drama-megaproyek-rdmp-rp-123-t-yang-diungkap-bahlil-ke-prabowo,https://akcdn.detik.net.id/community/media/visual/2026/01/12/menteri-esdm-bahlil-lahadalia-1768210384948_43.jpeg?w=250&q=90,"Selasa, 13 Jan 2026 07:59 WIB",,cadangan minyak strategis
,https://news.detik.com/berita/d-8304109/prabowo-ingatkan-esdm-perluas-eksplorasi-migas-jangan-dikutip-kutip-di-depan,https://akcdn.detik.net.id/community/media/visual/2026/01/12/presiden-prabowo-subianto-1768210481612_43.jpeg?w=250&q=90,"Senin, 12 Jan 2026 18:40 WIB",,cadangan minyak strategis
,https://finance.detik.com/energi/d-8303896/lapor-prabowo-bahlil-ungkap-megaproyek-rdmp-banyak-drama-ada-udang-di-balik-batu,https://akcdn.detik.net.id/community/media/visual/2026/01/12/menteri-esdm-bahlil-lahadalia-1768210384948_43.jpeg?w=250&q=90,"Senin, 12 Jan 2026 17:11 WIB",,cadangan minyak strategis
,https://news.detik.com/berita/d-8321431/isi-pidato-lengkap-prabowo-di-wef-2026-davos-bicara-mbg-hingga-danantara,https://akcdn.detik.net.id/community/media/visual/2026/01/23/potret-prabowo-di-world-economic-forum-1769138839563_43.jpeg?w=250&q=90,"Jumat, 23 Jan 2026 15:14 WIB",,kerja sama energi ASEAN
,https://news.detik.com/berita/d-8319710/puan-ketua-majelis-nasional-korsel-bertemu-bahas-perlindungan-pmi,https://akcdn.detik.net.id/community/media/visual/2026/01/22/ketua-dpr-ri-puan-maharani-bertemu-dengan-ketua-majelis-nasional-republik-korea-woo-won-shik-di-gedung-dpr-jakarta-hari-ini-da-1769071558086_43.jpeg?w=250&q=90,"Kamis, 22 Jan 2026 15:47 WIB",,kerja sama energi ASEAN
,https://news.detik.com/berita/d-8315222/sby-cemas-perang-dunia-iii-terjadi-pkb-ini-keresahan-banyak-warga-bangsa,https://akcdn.detik.net.id/community/media/visual/2021/05/31/daniel-johan_43.jpeg?w=250&q=90,"Selasa, 20 Jan 2026 07:51 WIB",,kerja sama energi ASEAN
,https://news.detik.com/kolom/d-8312596/air-jakarta-antara-krisis-tata-kelola-dan-jalan-transformasi,https://akcdn.detik.net.id/community/media/visual/2025/10/29/ilustrasi-air-bersih-1761709174262_43.jpeg?w=250&q=90,"Minggu, 18 Jan 2026 13:58 WIB",,kerja sama energi ASEAN
,https://finance.detik.com/berita-ekonomi-bisnis/d-8256418/eksploitasi-pekerja-meningkat-serikat-buruh-asean-geber-kerja-sama-regional,https://akcdn.detik.net.id/community/media/visual/2025/12/12/serikat-buruh-1765524223910_43.jpeg?w=250&q=90,"Jumat, 12 Des 2025 10:24 WIB",,kerja sama energi ASEAN
,https://finance.detik.com/energi/d-8254988/sinergi-pertamina-giz-langkah-nyata-tingkatkan-komitmen-keberlanjutan,https://akcdn.detik.net.id/community/media/visual/2025/12/11/pertamina-1765446886862_43.jpeg?w=250&q=90,"Kamis, 11 Des 2025 16:57 WIB",,kerja sama energi ASEAN
,https://news.detik.com/berita/d-8252550/eddy-soeparno-bicara-pentingnya-peta-jalan-ebt-perkuat-pasar-karbon-ri,https://akcdn.detik.net.id/community/media/visual/2025/12/10/wakil-ketua-mpr-ri-dari-fraksi-partai-amanat-nasional-pan-eddy-soeparno-mengikuti-rapat-koordinasi-terbatas-rakortas-yang-dipi-1765346941870_43.jpeg?w=250&q=90,"Rabu, 10 Des 2025 13:11 WIB",,kerja sama energi ASEAN
,https://news.detik.com/berita/d-8242267/puan-ketua-mpr-china-bertemu-bahas-bencana-alam-hingga-konflik-global,https://akcdn.detik.net.id/community/media/visual/2025/12/03/puan-maharani-1764771008952_43.jpeg?w=250&q=90,"Rabu, 03 Des 2025 21:39 WIB",,kerja sama energi ASEAN
,https://news.detik.com/berita/d-8229517/menbud-sambut-delegasi-asean-committee-on-culture-and-information-2025,https://akcdn.detik.net.id/community/media/visual/2025/11/26/menbud-sambut-delegasi-asean-committee-on-culture-and-information-2025-1764140201893_43.jpeg?w=250&q=90,"Rabu, 26 Nov 2025 13:56 WIB",,kerja sama energi ASEAN
,https://news.detik.com/kolom/d-8226080/dunia-usaha-penerimaan-negara-dan-penegakan-hukum-pajak,https://akcdn.detik.net.id/community/media/visual/2021/12/16/kamrussamad_43.png?w=250&q=90,"Senin, 24 Nov 2025 15:43 WIB",,kerja sama energi ASEAN
,https://www.detik.com/sumbagsel/berita/d-8323605/makna-di-balik-nujuh-jerami-tradisi-rasa-syukur-khas-suku-lom-bangka,https://akcdn.detik.net.id/community/media/visual/2023/01/30/ilustrasi-petani-panen-padi_43.jpeg?w=250&q=90,5 jam yang lalu,,diplomasi energi Indonesia
,https://news.detik.com/kolom/d-8321944/realisme-global-dunia-tak-di-ambang-perang,https://akcdn.detik.net.id/community/media/visual/2016/03/01/51c4dc78-dc73-4043-9f97-28afd210ca35_43.jpg?w=250&q=90,21 jam yang lalu,,diplomasi energi Indonesia
,https://news.detik.com/kolom/d-8321463/prabowonomics-davos-dan-diplomasi-rupiah,https://akcdn.detik.net.id/community/media/visual/2026/01/17/pengamat-kebijakan-publik-dr-eko-wahyuanto-1768654527257_43.jpeg?w=250&q=90,"Jumat, 23 Jan 2026 15:34 WIB",,diplomasi energi Indonesia
,https://travel.detik.com/travel-news/d-8319142/presiden-prabowo-dan-raja-charles-iii-bicarakan-konservasi-gajah-di-london,https://akcdn.detik.net.id/community/media/visual/2026/01/21/presiden-prabowo-bertemu-raja-charles-iii-di-london-1769007273854_43.jpeg?w=250&q=90,"Kamis, 22 Jan 2026 11:07 WIB",,diplomasi energi Indonesia
,https://news.detik.com/berita/d-8318553/prabowo-bertemu-raja-inggris-charles-iii-di-london-bahas-konservasi-gajah,https://akcdn.detik.net.id/community/media/visual/2026/01/21/presiden-prabowo-bertemu-raja-charles-iii-di-london-1769007273854_43.jpeg?w=250&q=90,"Rabu, 21 Jan 2026 21:54 WIB",,diplomasi energi Indonesia
,https://news.detik.com/berita/d-8317171/eddy-soeparno-kegiatan-diplomasi-prabowo-mampu-bawa-dampak-positif,https://akcdn.detik.net.id/community/media/visual/2025/09/01/wakil-ketua-mpr-ri-eddy-soeparno-1756695909374_43.jpeg?w=250&q=90,"Rabu, 21 Jan 2026 10:23 WIB",,diplomasi energi Indonesia
,https://news.detik.com/kolom/d-8315835/jalan-terjal-presiden-prabowo-dan-alarm-bahaya-2026,https://akcdn.detik.net.id/community/media/visual/2026/01/17/pengamat-kebijakan-publik-dr-eko-wahyuanto-1768654527257_43.jpeg?w=250&q=90,"Selasa, 20 Jan 2026 14:00 WIB",,diplomasi energi Indonesia
,https://news.detik.com/berita/d-8315222/sby-cemas-perang-dunia-iii-terjadi-pkb-ini-keresahan-banyak-warga-bangsa,https://akcdn.detik.net.id/community/media/visual/2021/05/31/daniel-johan_43.jpeg?w=250&q=90,"Selasa, 20 Jan 2026 07:51 WIB",,diplomasi energi Indonesia
,https://news.detik.com/berita/d-8315178/kekhawatiran-sby-perihal-dunia-di-ambang-prahara,https://akcdn.detik.net.id/community/media/visual/2025/10/06/presiden-ke-6-ri-sby-melayat-ke-rumah-duka-istri-wapres-ke-4-ri-karlinah-umar-wirahadikusumah-turut-hadir-budiono-puan-maharan-1759733791187_43.jpeg?w=250&q=90,"Selasa, 20 Jan 2026 07:00 WIB",,diplomasi energi Indonesia
,https://news.detik.com/berita/d-8313947/nasdem-nilai-pernyataan-sby-soal-perang-dunia-iii-jadi-alarm-pencegahan,https://akcdn.detik.net.id/community/media/visual/2026/01/19/kapoksi-nasdem-badan-kerja-sama-antar-parlemen-bksap-dpr-ri-amelia-anggraini-1768803631724_43.jpeg?w=250&q=90,"Senin, 19 Jan 2026 13:22 WIB",,diplomasi energi Indonesia
,https://news.detik.com/berita/d-8323019/imigrasi-canangkan-optimalisasi-layanan-infrastruktur-demi-ekosistem-digital,https://akcdn.detik.net.id/community/media/visual/2026/01/24/wamen-imipas-silmy-karim-1769242328861_43.jpeg?w=250&q=90,21 jam yang lalu,,perdagangan energi terbarukan
,https://www.detik.com/jateng/bisnis/d-8322799/apakah-perak-bisa-untuk-investasi-pahami-dulu-kelebihan-dan-kekurangannya,https://akcdn.detik.net.id/community/media/visual/2025/10/17/perak-1760683877374_43.jpeg?w=250&q=90,"Sabtu, 24 Jan 2026 12:41 WIB",,perdagangan energi terbarukan
,https://news.detik.com/berita/d-8319710/puan-ketua-majelis-nasional-korsel-bertemu-bahas-perlindungan-pmi,https://akcdn.detik.net.id/community/media/visual/2026/01/22/ketua-dpr-ri-puan-maharani-bertemu-dengan-ketua-majelis-nasional-republik-korea-woo-won-shik-di-gedung-dpr-jakarta-hari-ini-da-1769071558086_43.jpeg?w=250&q=90,"Kamis, 22 Jan 2026 15:47 WIB",,perdagangan energi terbarukan
,https://news.detik.com/berita/d-8311312/bamsoet-apresiasi-terobosan-dubes-junimart-girsang-benahi-kbri-roma,https://akcdn.detik.net.id/community/media/visual/2026/01/17/bamsoet-puji-terobosan-dubes-junimart-girsang-benahi-kbri-roma-1768625193988_43.jpeg?w=250&q=90,"Sabtu, 17 Jan 2026 11:48 WIB",,perdagangan energi terbarukan
,https://news.detik.com/dw/d-8311177/greenland-pulau-berselimut-es-yang-jadi-titik-api-dalam-politik-arktik,https://akcdn.detik.net.id/community/media/visual/2026/01/17/grinlandia-pulau-berselimut-es-yang-memanaskan-kawasan-arktik-1768617227127_43.jpeg?w=250&q=90,"Sabtu, 17 Jan 2026 09:33 WIB",,perdagangan energi terbarukan
,https://news.detik.com/bbc-world/d-8310769/berkat-durian-musang-king-kota-di-malaysia-nikmati-aliran-uang-china,https://akcdn.detik.net.id/community/media/visual/2026/01/16/berkat-durian-musang-king-kota-di-malaysia-menikmati-aliran-uang-dari-china-1768564023326_43.png?w=250&q=90,"Jumat, 16 Jan 2026 18:47 WIB",,perdagangan energi terbarukan
,https://www.detik.com/edu/detikpedia/d-8310098/kata-dosen-hubungan-internasional-indonesia-bisa-terseret-demo-iran,https://akcdn.detik.net.id/community/media/visual/2026/01/13/protes-anti-pemerintah-guncang-iran-ratusan-orang-tewas-1768285217825_43.jpeg?w=250&q=90,"Jumat, 16 Jan 2026 16:00 WIB",,perdagangan energi terbarukan
,https://www.detik.com/kalimantan/berita/d-8308391/dampak-demo-iran-bagi-indonesia-menurut-pakar-hubungan-internasional,https://akcdn.detik.net.id/community/media/visual/2026/01/13/protes-anti-pemerintah-guncang-iran-ratusan-orang-tewas-1768285218036_43.jpeg?w=250&q=90,"Kamis, 15 Jan 2026 11:30 WIB",,perdagangan energi terbarukan
,https://news.detik.com/berita/d-8308199/analisis-pakar-soal-dampak-ke-ri-jika-demo-di-iran-terus-berlanjut,https://akcdn.detik.net.id/community/media/visual/2026/01/13/protes-anti-pemerintah-guncang-iran-ratusan-orang-tewas-1768285217879_43.jpeg?w=250&q=90,"Kamis, 15 Jan 2026 09:04 WIB",,perdagangan energi terbarukan
,https://finance.detik.com/berita-ekonomi-bisnis/d-8302955/banjir-investasi-china-16-proyek-rp-36-t-masuk-indonesia,https://akcdn.detik.net.id/community/media/visual/2025/09/16/menko-perekonomian-airlangga-hartarto-1758022927965_43.jpeg?w=250&q=90,"Senin, 12 Jan 2026 11:20 WIB",,perdagangan energi terbarukan
,https://news.detik.com/kolom/d-8312596/air-jakarta-antara-krisis-tata-kelola-dan-jalan-transformasi,https://akcdn.detik.net.id/community/media/visual/2025/10/29/ilustrasi-air-bersih-1761709174262_43.jpeg?w=250&q=90,"Minggu, 18 Jan 2026 13:58 WIB",,tarif energi bersih
,https://finance.detik.com/berita-ekonomi-bisnis/d-8259870/prabowo-minta-pembangunan-hunian-dipercepat-alat-berat-ditambah,https://akcdn.detik.net.id/community/media/visual/2025/12/14/prabowo-panggil-sejumlah-menteri-ke-hambalang-bogor-jawa-barat-1765719028941_43.jpeg?w=250&q=90,"Senin, 15 Des 2025 08:02 WIB",,tarif energi bersih
,https://finance.detik.com/berita-ekonomi-bisnis/d-8236702/pemerintah-sebut-kondisi-ekonomi-masih-baik-baik-saja,https://akcdn.detik.net.id/community/media/visual/2025/07/29/menko-perekonomian-airlangga-hartarto-1753782634917_43.jpeg?w=250&q=90,"Senin, 01 Des 2025 06:25 WIB",,tarif energi bersih
,https://www.detik.com/sumbagsel/berita/d-8232735/rute-langsung-palembang-singapura-diyakini-buka-peluang-investasi,https://akcdn.detik.net.id/community/media/visual/2025/11/28/wali-kota-palembang-ratu-dewa-menerima-audiensi-dari-konsulat-jenderal-konjen-singapura-1764302138952_43.jpeg?w=250&q=90,"Jumat, 28 Nov 2025 12:30 WIB",,tarif energi bersih
,https://news.detik.com/kolom/d-8174521/babak-baru-perang-dagang-ketika-dunia-terjebak-di-antara-dua-raksasa,https://akcdn.detik.net.id/community/media/visual/2025/05/13/awalnya-saling-ngegas-tarif-tinggi-as-china-kini-melunak-1747105367012_43.jpeg?w=250&q=90,"Kamis, 23 Okt 2025 12:10 WIB",,tarif energi bersih
,https://finance.detik.com/berita-ekonomi-bisnis/d-8170831/india-brasil-makin-mesra-satukan-kekuatan-buat-lawan-trump,https://akcdn.detik.net.id/community/media/visual/2025/08/07/tarif-trump-mulai-berlaku-brasil-dan-india-digenjot-tarif-besar-besaran-1754563132624_43.jpeg?w=250&q=90,"Selasa, 21 Okt 2025 11:39 WIB",,tarif energi bersih
,https://finance.detik.com/berita-ekonomi-bisnis/d-8158930/kronologi-perang-dagang-as-dan-china-sejak-awal-2025,https://akcdn.detik.net.id/community/media/visual/2025/05/13/awalnya-saling-ngegas-tarif-tinggi-as-china-kini-melunak-1747105603072_43.jpeg?w=250&q=90,"Senin, 13 Okt 2025 17:48 WIB",,tarif energi bersih
,https://finance.detik.com/berita-ekonomi-bisnis/d-8155631/perang-tarif-berlanjut-china-kerek-biaya-pelabuhan-buat-kapal-as,https://akcdn.detik.net.id/community/media/visual/2025/05/13/awalnya-saling-ngegas-tarif-tinggi-as-china-kini-melunak-1747105366958_43.jpeg?w=250&q=90,"Sabtu, 11 Okt 2025 10:30 WIB",,tarif energi bersih
,https://www.detik.com/jatim/berita/d-8143877/5-rest-area-rekomendasi-di-jawa-timur-yang-nyaman-dan-lengkap,https://akcdn.detik.net.id/community/media/visual/2025/03/21/begini-persiapan-rest-area-km-43-tol-tangerang-merak-jelang-arus-mudik-1742558654129_43.jpeg?w=250&q=90,"Jumat, 03 Okt 2025 22:00 WIB",,tarif energi bersih
,https://www.detik.com/sulsel/makassar/d-8139755/15-capaian-hamzah-ahmad-5-bulan-pimpin-pdam-makassar-laba-miliaran-rupiah,https://akcdn.detik.net.id/community/media/visual/2025/10/01/plt-dirut-pdam-makassar-hamzah-ahmad-bersama-plt-direktur-keuangan-pdam-makassar-nanang-supriyatno-1759308609384_43.jpeg?w=250&q=90,"Rabu, 01 Okt 2025 15:54 WIB",,tarif energi bersih
,https://finance.detik.com/energi/d-8322249/ancaman-trump-ke-iran-bikin-harga-minyak-mendidih,https://akcdn.detik.net.id/community/media/visual/2025/06/16/iran-israel-memanas-trump-sebut-as-nggak-ikut-ikutan-1750046680052_43.jpeg?w=250&q=90,"Jumat, 23 Jan 2026 21:46 WIB",,volatilitas harga minyak
,https://www.detik.com/edu/detikpedia/d-8307182/apa-mata-uang-iran-ini-sebabnya-bisa-setara-0-euro,https://akcdn.detik.net.id/community/media/visual/2026/01/13/protes-anti-pemerintah-guncang-iran-ratusan-orang-tewas-1768285217825_43.jpeg?w=250&q=90,"Rabu, 14 Jan 2026 17:30 WIB",,volatilitas harga minyak
,https://finance.detik.com/energi/d-8297416/tambang-batu-bara-cs-sumbang-pnbp-rp-138-t-di-2025,https://akcdn.detik.net.id/community/media/visual/2025/08/11/bahlil-laporkan-kinerja-esdm-investasi-tembus-rp2258-t-1754905215155_43.jpeg?w=250&q=90,"Kamis, 08 Jan 2026 12:18 WIB",,volatilitas harga minyak
,https://finance.detik.com/bursa-dan-valas/d-8293393/ihsg-pecah-rekor-harga-bitcoin-lompat-usai-as-serang-venezuela,https://akcdn.detik.net.id/community/media/visual/2022/04/08/ihsg-ditutup-menguat_43.jpeg?w=250&q=90,"Selasa, 06 Jan 2026 06:30 WIB",,volatilitas harga minyak
,https://finance.detik.com/bursa-dan-valas/d-8292783/ihsg-tembus-rekor-di-tengah-konflik-as-venezuela,https://akcdn.detik.net.id/community/media/visual/2022/04/08/ihsg-ditutup-menguat-1_43.jpeg?w=250&q=90,"Senin, 05 Jan 2026 14:27 WIB",,volatilitas harga minyak
,https://finance.detik.com/berita-ekonomi-bisnis/d-8292544/venezuela-bergejolak-pemerintah-diminta-waspada-soal-dampak-ekonomi,https://akcdn.detik.net.id/community/media/visual/2026/01/03/trump-sebut-as-sukses-gempur-venezuela-1767439962151_43.jpeg?w=250&q=90,"Senin, 05 Jan 2026 12:40 WIB",,volatilitas harga minyak
,https://finance.detik.com/advertorial-news-block/d-8207940/dukungan-bank-indonesia-dorong-kain-ulos-dan-kopi-lintong-mendunia,https://akcdn.detik.net.id/community/media/visual/2025/11/12/tagsite-1762962444221_43.png?w=250&q=90,"Kamis, 13 Nov 2025 00:00 WIB",,volatilitas harga minyak
,https://finance.detik.com/energi/d-8182350/bbm-beretanol-jadi-solusi-hijau-kurangi-impor-dan-polusi-udara,https://akcdn.detik.net.id/community/media/visual/2025/10/03/ilustrasi-energi-1759496229744_43.png?w=250&q=90,"Selasa, 28 Okt 2025 15:25 WIB",,volatilitas harga minyak
,https://www.detik.com/sumut/bisnis/d-8160256/menguak-tabir-penolakan-etanol-bisnis-ataukah-kedaulatan-energi,https://akcdn.detik.net.id/community/media/visual/2025/10/14/presiden-dem-sumatera-utara-fahrozi-kanan-dok-pertamina-1760429792981_43.jpeg?w=250&q=90,"Selasa, 14 Okt 2025 15:29 WIB",,volatilitas harga minyak
,https://finance.detik.com/berita-ekonomi-bisnis/d-8152048/harga-emas-dunia-pecah-rekor-perak-hingga-platinum-kompak-ikutan,https://akcdn.detik.net.id/community/media/visual/2025/07/08/ilustrasi-logam-mulia-1751943271924_43.jpeg?w=250&q=90,"Kamis, 09 Okt 2025 08:25 WIB",,volatilitas harga minyak
,https://finance.detik.com/bursa-dan-valas/d-8321621/prediksi-ihsg-2026-bisa-tembus-10-000-atau-balik-ke-7-500,https://akcdn.detik.net.id/community/media/visual/2021/11/19/ihsg-ditutup-menguat-3_43.jpeg?w=250&q=90,"Jumat, 23 Jan 2026 16:24 WIB",,fluktuasi saham energi
,https://www.detik.com/jateng/bisnis/d-8317752/nilai-tukar-rupiah-melemah-1-dollar-berapa-rupiah-hari-ini,https://akcdn.detik.net.id/community/media/visual/2026/01/21/dolar-amerika-serikat-1768980188872_43.jpeg?w=250&q=90,"Rabu, 21 Jan 2026 14:26 WIB",,fluktuasi saham energi
,https://www.detik.com/sulsel/berita/d-8288240/apa-shio-2026-ini-simbol-lengkap-elemen-karakter-hingga-ramalannya,https://akcdn.detik.net.id/community/media/visual/2025/12/31/ilustrasi-shio-kuda-tahun-2026-1767180454482_43.jpeg?w=250&q=90,"Jumat, 02 Jan 2026 06:01 WIB",,fluktuasi saham energi
,https://finance.detik.com/bursa-dan-valas/d-8180016/rukun-raharja-buka-suara-usai-saham-digembok-bursa,https://akcdn.detik.net.id/community/media/visual/2022/04/08/ihsg-ditutup-menguat-1_43.jpeg?w=250&q=90,"Senin, 27 Okt 2025 11:32 WIB",,fluktuasi saham energi
,https://finance.detik.com/bursa-dan-valas/d-8169727/ihsg-tembus-8-000-prabowo-tertinggi-sepanjang-sejarah,https://akcdn.detik.net.id/community/media/visual/2024/04/22/jelang-putusan-mk-ihsg-menguat-3_43.jpeg?w=250&q=90,"Senin, 20 Okt 2025 16:18 WIB",,fluktuasi saham energi
,https://finance.detik.com/berita-ekonomi-bisnis/d-8144500/5-sifat-orang-kaya-yang-bikin-duit-mengalir-kamu-punya-salah-satunya,https://akcdn.detik.net.id/community/media/visual/2025/10/02/ilustrasi-pria-kaya-1759378346300_43.jpeg?w=250&q=90,"Sabtu, 04 Okt 2025 12:30 WIB",,fluktuasi saham energi
,https://finance.detik.com/bursa-dan-valas/d-8104950/laba-medco-susut-81-5-ini-penyebabnya,https://akcdn.detik.net.id/community/media/visual/2016/02/22/5722991a-fdaf-4bb2-9818-7caa31894e60_43.jpg?w=250&q=90,"Rabu, 10 Sep 2025 12:46 WIB",,fluktuasi saham energi
,https://news.detik.com/berita/d-8052112/di-retret-kadin-bamsoet-ingatkan-3-syarat-utama-bangun-iklim-usaha-ri,https://akcdn.detik.net.id/community/media/visual/2025/08/08/mpr-1754661963620_43.jpeg?w=250&q=90,"Jumat, 08 Agu 2025 21:07 WIB",,fluktuasi saham energi
,https://finance.detik.com/berita-ekonomi-bisnis/d-7981569/mitigasi-ekonomi-ri-di-masa-perang-iran-israel,https://akcdn.detik.net.id/community/media/visual/2025/06/25/detik-sore-25-juni-2025-1750835888427_43.jpeg?w=250&q=90,"Rabu, 25 Jun 2025 14:40 WIB",,fluktuasi saham energi
,https://inet.detik.com/business/d-7896820/apple-raup-rp-1-496-triliun-di-q2-2025-iphone-jadi-penopang,https://akcdn.detik.net.id/community/media/visual/2018/09/21/77280a4e-4b58-4e04-9f39-2a5c0f31364e_43.jpeg?w=250&q=90,"Jumat, 02 Mei 2025 20:45 WIB",,fluktuasi saham energi
,https://news.detik.com/berita/d-8321431/isi-pidato-lengkap-prabowo-di-wef-2026-davos-bicara-mbg-hingga-danantara,https://akcdn.detik.net.id/community/media/visual/2026/01/23/potret-prabowo-di-world-economic-forum-1769138839563_43.jpeg?w=250&q=90,"Jumat, 23 Jan 2026 15:14 WIB",,ketidakpastian pasar minyak mentah
,https://finance.detik.com/berita-ekonomi-bisnis/d-8293516/menakar-dampak-serangan-as-ke-venezuela-buat-ekonomi-ri,https://akcdn.detik.net.id/community/media/visual/2026/01/03/trump-sebut-as-sukses-gempur-venezuela-1767439962436_43.jpeg?w=250&q=90,"Selasa, 06 Jan 2026 05:55 WIB",,ketidakpastian pasar minyak mentah
,https://news.detik.com/dw/d-8292950/gimana-nasib-minyak-venezuela-setelah-as-singkirkan-maduro,https://akcdn.detik.net.id/community/media/visual/2026/01/05/dw-1767602872297_43.webp?w=250&q=90,"Senin, 05 Jan 2026 15:46 WIB",,ketidakpastian pasar minyak mentah
,https://finance.detik.com/berita-ekonomi-bisnis/d-8292422/trump-bikin-venezuela-panas-ri-kena-getahnya,https://akcdn.detik.net.id/community/media/visual/2026/01/04/usa-venezuelalegal-1767496691528_43.jpeg?w=250&q=90,"Senin, 05 Jan 2026 11:33 WIB",,ketidakpastian pasar minyak mentah
,https://finance.detik.com/energi/d-8291311/harga-minyak-bisa-mendidih-usai-trump-tangkap-presiden-venezuela-maduro,https://akcdn.detik.net.id/community/media/visual/2020/02/04/b21a4c0d-dca4-41fb-9380-5413e56fdc4e_43.jpeg?w=250&q=90,"Minggu, 04 Jan 2026 14:00 WIB",,ketidakpastian pasar minyak mentah
,https://finance.detik.com/energi/d-8191052/opec-putuskan-tahan-produksi-harga-minyak-langsung-naik,https://akcdn.detik.net.id/community/media/visual/2025/06/13/emas-minyak-membara-usai-israel-serang-iran-1749816526884_43.jpeg?w=250&q=90,"Senin, 03 Nov 2025 08:12 WIB",,ketidakpastian pasar minyak mentah
,https://finance.detik.com/berita-ekonomi-bisnis/d-8162665/perang-dagang-makin-panas-as-china-saling-jegal,https://akcdn.detik.net.id/community/media/visual/2021/03/17/as-dan-china-mengapa-hubungan-mereka-lebih-dari-sekadar-perang-dingin-kedua_43.jpeg?w=250&q=90,"Kamis, 16 Okt 2025 08:30 WIB",,ketidakpastian pasar minyak mentah
,https://finance.detik.com/berita-ekonomi-bisnis/d-8161444/badai-perang-dagang-makin-dekat-as-china-saling-jegal-di-lautan-dunia,https://akcdn.detik.net.id/community/media/visual/2025/05/13/awalnya-saling-ngegas-tarif-tinggi-as-china-kini-melunak-1747105335769_43.jpeg?w=250&q=90,"Rabu, 15 Okt 2025 10:49 WIB",,ketidakpastian pasar minyak mentah
,https://finance.detik.com/bursa-dan-valas/d-8160167/ihsg-tiba-tiba-ambrol-ada-apa,https://akcdn.detik.net.id/community/media/visual/2020/09/10/perdagangan-ihsg-disetop-usai-anjlok-5-3_43.jpeg?w=250&q=90,"Selasa, 14 Okt 2025 14:43 WIB",,ketidakpastian pasar minyak mentah
,https://finance.detik.com/berita-ekonomi-bisnis/d-8152048/harga-emas-dunia-pecah-rekor-perak-hingga-platinum-kompak-ikutan,https://akcdn.detik.net.id/community/media/visual/2025/07/08/ilustrasi-logam-mulia-1751943271924_43.jpeg?w=250&q=90,"Kamis, 09 Okt 2025 08:25 WIB",,ketidakpastian pasar minyak mentah
,https://news.detik.com/berita/d-8063312/perdana-pidato-lengkap-prabowo-beberkan-rapbn-2026,https://akcdn.detik.net.id/community/media/visual/2025/08/15/momen-pidato-perdana-prabowo-di-sidang-tahunan-mpr-1755233887684_43.jpeg?w=250&q=90,"Jumat, 15 Agu 2025 18:12 WIB",,guncangan harga gas alam
,https://finance.detik.com/berita-ekonomi-bisnis/d-7967612/dunia-bisa-kacau-jika-iran-tutup-selat-hormuz,https://akcdn.detik.net.id/community/media/visual/2021/01/05/kapalnya-disita-iran-korsel-kirimkan-kapal-perang-ke-selat-hormuz_43.jpeg?w=250&q=90,"Selasa, 17 Jun 2025 05:56 WIB",,guncangan harga gas alam
,https://finance.detik.com/berita-ekonomi-bisnis/d-7967399/4-dampak-mengerikan-buat-dunia-jika-iran-tutup-selat-hormuz,https://akcdn.detik.net.id/community/media/visual/2021/01/05/kapalnya-disita-iran-korsel-kirimkan-kapal-perang-ke-selat-hormuz_43.jpeg?w=250&q=90,"Senin, 16 Jun 2025 20:56 WIB",,guncangan harga gas alam
,https://finance.detik.com/berita-ekonomi-bisnis/d-7291787/berani-serang-israel-begini-kekuatan-ekonomi-iran-sang-juragan-migas-dunia,https://akcdn.detik.net.id/community/media/visual/2023/06/03/bendera-iran_43.jpeg?w=250&q=90,"Minggu, 14 Apr 2024 12:00 WIB",,guncangan harga gas alam
,https://finance.detik.com/berita-ekonomi-bisnis/d-7053834/peran-apbn-perkuat-fondasi-menuju-indonesia-maju-di-2045,https://akcdn.detik.net.id/community/media/visual/2023/11/24/kemenkeu_43.jpeg?w=250&q=90,"Jumat, 24 Nov 2023 09:58 WIB",,guncangan harga gas alam
,https://finance.detik.com/berita-ekonomi-bisnis/d-6739588/jerman-resesi-gegara-warganya-irit-belanja,https://akcdn.detik.net.id/community/media/visual/2022/10/18/resesi-mulai-mengancam-ketahanan-ekonomi-jerman_43.jpeg?w=250&q=90,"Jumat, 26 Mei 2023 07:54 WIB",,guncangan harga gas alam
,https://travel.detik.com/domestic-destination/d-6658495/liar-dan-menantang-taman-nasional-meru-betiri-hanya-untuk-petualang,https://akcdn.detik.net.id/community/media/visual/2023/04/05/taman-nasional-meru-betiri-2_43.jpeg?w=250&q=90,"Kamis, 06 Apr 2023 10:06 WIB",,guncangan harga gas alam
,https://finance.detik.com/berita-ekonomi-bisnis/d-6144416/jerman-di-pinggir-jurang-resesi-rusia-penyebabnya,https://akcdn.detik.net.id/community/media/visual/2022/02/23/ilustrasi-bendera-jerman_43.jpeg?w=250&q=90,"Jumat, 24 Jun 2022 10:49 WIB",,guncangan harga gas alam
,https://news.detik.com/kolom/d-6128752/kondisi-baru-ancaman-ekonomi-global,https://akcdn.detik.net.id/community/media/visual/2022/01/14/inflasi-di-as-menembus-level-tertinggi-dalam-empat-dekade_43.jpeg?w=250&q=90,"Rabu, 15 Jun 2022 15:34 WIB",,guncangan harga gas alam
,https://news.detik.com/kolom/d-6112229/rezim-baru-inflasi-energi,https://akcdn.detik.net.id/community/media/visual/2022/01/21/fasilitas-publik-mulai-gunakan-panel-surya-5_43.jpeg?w=250&q=90,"Senin, 06 Jun 2022 11:50 WIB",,guncangan harga gas alam
,https://news.detik.com/kolom/d-8312596/air-jakarta-antara-krisis-tata-kelola-dan-jalan-transformasi,https://akcdn.detik.net.id/community/media/visual/2025/10/29/ilustrasi-air-bersih-1761709174262_43.jpeg?w=250&q=90,"Minggu, 18 Jan 2026 13:58 WIB",,krisis komoditas energi
,https://news.detik.com/kolom/d-8311975/risiko-geopolitik-dan-arah-kepentingan-nasional-di-era-prabowo,https://akcdn.detik.net.id/community/media/visual/2023/10/05/endang-tirtana-dokumentasi-pribadi-endang-tirtana_43.jpeg?w=250&q=90,"Sabtu, 17 Jan 2026 21:40 WIB",,krisis komoditas energi
,https://news.detik.com/kolom/d-8309318/trump-tarik-diri-indonesia-justru-harus-maju,https://akcdn.detik.net.id/community/media/visual/2025/08/25/ilustrasi-rumah-hijau-1756096026496_43.jpeg?w=250&q=90,"Sabtu, 17 Jan 2026 10:45 WIB",,krisis komoditas energi
,https://www.detik.com/edu/detikpedia/d-8309238/10-mata-uang-terlemah-terhadap-dolar-as-rupiah-termasuk,https://akcdn.detik.net.id/community/media/visual/2025/10/06/dolar-as-menguat-pagi-ini-tembus-rp-16579-1759722690585_43.jpeg?w=250&q=90,"Kamis, 15 Jan 2026 19:00 WIB",,krisis komoditas energi
,https://news.detik.com/kolom/d-8303361/dunia-pasca-norma-venezuela-dan-runtuhnya-ilusi-ketertiban-global,https://akcdn.detik.net.id/community/media/visual/2026/01/07/negara-mana-yang-mungkin-menjadi-sasaran-trump-setelah-venezuela-1767764931602_43.jpeg?w=250&q=90,"Senin, 12 Jan 2026 16:04 WIB",,krisis komoditas energi
,https://news.detik.com/kolom/d-8299917/sistem-internasional-pasca-invasi-as-ke-venezuela-2026,https://akcdn.detik.net.id/community/media/visual/2026/01/05/serangan-as-rusak-rumah-warga-venezuela-warga-kehilangan-tempat-tinggal-1767609468873_43.jpeg?w=250&q=90,"Sabtu, 10 Jan 2026 09:35 WIB",,krisis komoditas energi
,https://news.detik.com/kolom/d-8295215/venezuela-minyak-dan-kembalinya-politik-kekuasaan-global-as,https://akcdn.detik.net.id/community/media/visual/2026/01/05/usa-venezuelamaduro-new-york-1767621624980_43.jpeg?w=250&q=90,"Rabu, 07 Jan 2026 10:03 WIB",,krisis komoditas energi
,https://finance.detik.com/berita-ekonomi-bisnis/d-8293516/menakar-dampak-serangan-as-ke-venezuela-buat-ekonomi-ri,https://akcdn.detik.net.id/community/media/visual/2026/01/03/trump-sebut-as-sukses-gempur-venezuela-1767439962436_43.jpeg?w=250&q=90,"Selasa, 06 Jan 2026 05:55 WIB",,krisis komoditas energi
,https://news.detik.com/dw/d-8292950/gimana-nasib-minyak-venezuela-setelah-as-singkirkan-maduro,https://akcdn.detik.net.id/community/media/visual/2026/01/05/dw-1767602872297_43.webp?w=250&q=90,"Senin, 05 Jan 2026 15:46 WIB",,krisis komoditas energi
,https://finance.detik.com/berita-ekonomi-bisnis/d-8292422/trump-bikin-venezuela-panas-ri-kena-getahnya,https://akcdn.detik.net.id/community/media/visual/2026/01/04/usa-venezuelalegal-1767496691528_43.jpeg?w=250&q=90,"Senin, 05 Jan 2026 11:33 WIB",,krisis komoditas energi
,https://www.detik.com/jogja/berita/d-8239528/apakah-pohon-sawit-bisa-menyerap-air-ini-fungsi-dan-dampaknya-bagi-lingkungan,https://akcdn.detik.net.id/community/media/visual/2025/10/23/jejak-suku-batin-sembilan-yang-terhimpit-perkebunan-sawit-di-jambi-1761185144392_43.jpeg?w=250&q=90,"Selasa, 02 Des 2025 15:46 WIB",,pajak karbon sektor energi
,https://finance.detik.com/bursa-dan-valas/d-8215056/komisi-xi-cecar-anak-buah-purbaya-soal-lesunya-bursa-karbon-ri,https://akcdn.detik.net.id/community/media/visual/2025/11/17/komisi-xi-cecar-anak-buah-purbaya-soal-lesunya-bursa-karbon-ri-1763372279120_43.jpeg?w=250&q=90,"Senin, 17 Nov 2025 16:48 WIB",,pajak karbon sektor energi
,https://inet.detik.com/telecommunication/d-8188005/kinerja-solid-telkom-catat-pendapatan-rp-109-6-t-di-kuartal-iii-2025,https://akcdn.detik.net.id/community/media/visual/2025/10/31/telkom-1761904912045_43.jpeg?w=250&q=90,"Jumat, 31 Okt 2025 17:02 WIB",,pajak karbon sektor energi
,https://finance.detik.com/energi/d-8182112/pemakaian-energi-fosil-bakal-kena-pajak-karbon,https://akcdn.detik.net.id/community/media/visual/2024/09/25/ilustrasi-jejak-karbon_43.jpeg?w=250&q=90,"Selasa, 28 Okt 2025 13:57 WIB",,pajak karbon sektor energi
,https://news.detik.com/berita/d-8171892/waka-mpr-soal-prabowo-teken-perpres-110-2025-ini-yang-ditunggu-tunggu,https://akcdn.detik.net.id/community/media/visual/2025/10/21/eddy-soeparno-1761048677977_43.jpeg?w=250&q=90,"Selasa, 21 Okt 2025 19:11 WIB",,pajak karbon sektor energi
,https://finance.detik.com/berita-ekonomi-bisnis/d-8155995/tertinggi-sepanjang-sejarah-malaysia-bakal-belanjakan-rp-1-847-t-di-2026,https://akcdn.detik.net.id/community/media/visual/2024/07/01/pm-malaysia-anwar-ibrahim-berbincang-dengan-menhan-ri-prabowo-subianto-via-telekomunikasi-sumber-instagram-resmi-anwar-ibrahim_43.png?w=250&q=90,"Sabtu, 11 Okt 2025 14:31 WIB",,pajak karbon sektor energi
,https://news.detik.com/berita/d-8054240/eddy-soeparno-bahas-isu-perubahan-iklim-di-dialog-pemuda,https://akcdn.detik.net.id/community/media/visual/2025/08/10/mpr-1754821682922_43.jpeg?w=250&q=90,"Minggu, 10 Agu 2025 17:28 WIB",,pajak karbon sektor energi
,https://news.detik.com/berita/d-8031300/waka-mpr-optimistis-transisi-energi-jadi-pendorong-pertumbuhan-ekonomi,https://akcdn.detik.net.id/community/media/visual/2025/07/27/wakil-ketua-mpr-eddy-soeparno-1753591813288_43.jpeg?w=250&q=90,"Minggu, 27 Jul 2025 11:52 WIB",,pajak karbon sektor energi
,https://finance.detik.com/energi/d-8024180/bisnis-penyimpanan-karbon-ri-menjanjikan-tapi-banyak-tantangannya,https://akcdn.detik.net.id/community/media/visual/2024/08/22/sekretaris-jenderal-kementerian-energi-dan-sumber-daya-mineral-esdm-dadan-kusdiana-1_43.jpeg?w=250&q=90,"Selasa, 22 Jul 2025 22:30 WIB",,pajak karbon sektor energi
,https://news.detik.com/berita/d-7926451/waka-mpr-eddy-soeparno-dorong-akselerasi-pengembangan-ekonomi-karbon,https://akcdn.detik.net.id/community/media/visual/2025/05/22/eddy-soeparno-1747889631420_43.jpeg?w=250&q=90,"Kamis, 22 Mei 2025 11:54 WIB",,pajak karbon sektor energi
,https://news.detik.com/kolom/d-8241858/pesisir-sejahtera-lewat-karbon-biru,https://akcdn.detik.net.id/community/media/visual/2025/12/03/kkp-1764759900344_43.jpeg?w=250&q=90,"Rabu, 03 Des 2025 18:05 WIB",,skema perdagangan emisi
,https://finance.detik.com/energi/d-8228705/genjot-transisi-energi-pln-komitmen-tambah-52-9-gw-pembangkit-hijau-2034,https://akcdn.detik.net.id/community/media/visual/2025/11/25/direktur-retail-dan-niaga-pln-adi-priyanto-1764085397620_43.jpeg?w=250&q=90,"Selasa, 25 Nov 2025 22:43 WIB",,skema perdagangan emisi
,https://finance.detik.com/energi/d-8228454/pln-raih-penghargaan-perusahaan-terdepan-dalam-tekan-emisi-karbon,https://akcdn.detik.net.id/community/media/visual/2025/11/25/detikcom-awards-2025-1764079604424_43.jpeg?w=250&q=90,"Selasa, 25 Nov 2025 20:26 WIB",,skema perdagangan emisi
,https://news.detik.com/kolom/d-8226292/a-world-where-many-worlds-fit-cop-dan-ladang-yang-tak-terlihat,https://akcdn.detik.net.id/community/media/visual/2025/11/06/lokasi-ktt-cop30-di-brasil-gustidetikcom-1762363114306_43.jpeg?w=250&q=90,"Senin, 24 Nov 2025 17:05 WIB",,skema perdagangan emisi
,https://finance.detik.com/bursa-dan-valas/d-8217727/menteri-lh-sebut-perdagangan-karbon-ri-di-cop30-capai-rp-7-t,https://akcdn.detik.net.id/community/media/visual/2025/11/19/menteri-lingkungan-hidup-hanif-faisol-nurofiq-1763522456469_43.jpeg?w=250&q=90,"Rabu, 19 Nov 2025 10:23 WIB",,skema perdagangan emisi
,https://news.detik.com/berita/d-8209792/ri-norwegia-teken-mou-perdagangan-karbon-sepakat-12-juta-ton,https://akcdn.detik.net.id/community/media/visual/2025/11/14/indonesia-dan-norwegia-melakukan-nota-kesepahaman-mou-terkait-perdagangan-karbon-dok-ist-1763074501597_43.jpeg?w=250&q=90,"Jumat, 14 Nov 2025 05:57 WIB",,skema perdagangan emisi
,https://news.detik.com/berita/d-8208266/dongkrak-potensi-karbon-ri-gandeng-lembaga-sertifikasi-internasional,https://akcdn.detik.net.id/community/media/visual/2025/11/13/menteri-lingkungan-hidup-hanif-faisol-nurofiq-kiri-1763001648379_43.jpeg?w=250&q=90,"Kamis, 13 Nov 2025 09:41 WIB",,skema perdagangan emisi
,https://news.detik.com/berita/d-8206414/swedia-sambut-baik-ajakan-ri-untuk-turunkan-emisi-lewat-karbon,https://akcdn.detik.net.id/community/media/visual/2025/11/12/menteri-lh-dan-pihak-swedia-1762912543549_43.jpeg?w=250&q=90,"Rabu, 12 Nov 2025 08:56 WIB",,skema perdagangan emisi
,https://news.detik.com/berita/d-8171010/prabowo-teken-perpres-110-2025-menhut-tonggak-percepat-investasi-hijau,https://akcdn.detik.net.id/community/media/visual/2025/10/17/menhut-raja-juli-antoni-ditemui-di-fakultas-kehutanan-ugm-jumat-17102025-1760680272176_43.jpeg?w=250&q=90,"Selasa, 21 Okt 2025 13:05 WIB",,skema perdagangan emisi
,https://finance.detik.com/energi/d-8094119/ascope-50-tahun-energi-kolaborasi-dan-masa-depan-asean,https://akcdn.detik.net.id/community/media/visual/2025/09/03/ascope-50-tahun-energi-kolaborasi-dan-masa-depan-asean-1756878930682_43.jpeg?w=250&q=90,"Rabu, 03 Sep 2025 12:56 WIB",,skema perdagangan emisi
,https://news.detik.com/berita/d-8311312/bamsoet-apresiasi-terobosan-dubes-junimart-girsang-benahi-kbri-roma,https://akcdn.detik.net.id/community/media/visual/2026/01/17/bamsoet-puji-terobosan-dubes-junimart-girsang-benahi-kbri-roma-1768625193988_43.jpeg?w=250&q=90,"Sabtu, 17 Jan 2026 11:48 WIB",,mandat energi terbarukan
,https://news.detik.com/berita/d-8266920/ugm-bentuk-emergency-response-unit-bantu-korban-bencana-di-sumatera,https://akcdn.detik.net.id/community/media/visual/2025/12/18/ugm-1766065010207_43.jpeg?w=250&q=90,"Kamis, 18 Des 2025 21:08 WIB",,mandat energi terbarukan
,https://www.detik.com/edu/perguruan-tinggi/d-8266877/ugm-bentuk-emergency-response-unit-bantu-korban-bencana-di-sumatera,https://akcdn.detik.net.id/community/media/visual/2025/12/18/ugm-1766065010207_43.jpeg?w=250&q=90,"Kamis, 18 Des 2025 20:38 WIB",,mandat energi terbarukan
,https://finance.detik.com/energi/d-8254988/sinergi-pertamina-giz-langkah-nyata-tingkatkan-komitmen-keberlanjutan,https://akcdn.detik.net.id/community/media/visual/2025/12/11/pertamina-1765446886862_43.jpeg?w=250&q=90,"Kamis, 11 Des 2025 16:57 WIB",,mandat energi terbarukan
,https://news.detik.com/berita/d-8249800/eddy-soeparno-paparkan-strategi-manajemen-krisis-hadapi-perubahan-iklim,https://akcdn.detik.net.id/community/media/visual/2025/12/08/mpr-1765198502089_43.jpeg?w=250&q=90,"Senin, 08 Des 2025 19:55 WIB",,mandat energi terbarukan
,https://news.detik.com/berita/d-8207333/puan-bahas-kerja-sama-indonesia-korsel-di-forum-parlemen-mikta,https://akcdn.detik.net.id/community/media/visual/2025/11/12/puan-maharani-1762939154782_43.png?w=250&q=90,"Rabu, 12 Nov 2025 16:21 WIB",,mandat energi terbarukan
,https://finance.detik.com/energi/d-8204785/momentum-baru-perkuat-fondasi-transisi-energi-di-ri,https://akcdn.detik.net.id/community/media/visual/2024/10/17/pertamina-geothermal-energy_43.png?w=250&q=90,"Selasa, 11 Nov 2025 10:43 WIB",,mandat energi terbarukan
,https://finance.detik.com/energi/d-8177053/204-investor-kepincut-proyek-sulap-sampah-jadi-listrik,https://akcdn.detik.net.id/community/media/visual/2025/10/24/menteri-koordinator-bidang-pangan-zulkifli-hasan-zulhas-1761303870104_43.jpeg?w=250&q=90,"Jumat, 24 Okt 2025 19:30 WIB",,mandat energi terbarukan
,https://news.detik.com/kolom/d-8176661/nalar-hijau-dan-peran-pesantren-pada-lingkungan,https://akcdn.detik.net.id/community/media/visual/2025/10/22/tradisi-khataman-al-quran-di-hari-santri-1761120345225_43.jpeg?w=250&q=90,"Jumat, 24 Okt 2025 15:35 WIB",,mandat energi terbarukan
,https://finance.detik.com/energi/d-8165217/dukung-transisi-energi-bank-dbs-indonesia-jadi-esg-coordinator,https://akcdn.detik.net.id/community/media/visual/2025/10/17/dukung-transisi-energi-bank-dbs-indonesia-jadi-esg-coordinator-1760682595489_43.jpeg?w=250&q=90,"Jumat, 17 Okt 2025 13:30 WIB",,mandat energi terbarukan
,https://finance.detik.com/energi/d-7932320/perhatian-ini-bocoran-skema-subsidi-bbm-listrik-tahun-depan,https://akcdn.detik.net.id/community/media/visual/2018/11/28/c1814edb-cb5f-466a-ad37-06c170d38e4d_43.jpeg?w=250&q=90,"Senin, 26 Mei 2025 07:00 WIB",,reformasi subsidi bahan bakar fosil
,https://finance.detik.com/energi/d-7931896/subsidi-energi-bakal-lanjut-tahun-2026-begini-skemanya,https://akcdn.detik.net.id/community/media/visual/2024/01/19/subsidi-sektor-energi-naik-28-persen_43.jpeg?w=250&q=90,"Minggu, 25 Mei 2025 17:03 WIB",,reformasi subsidi bahan bakar fosil
,https://news.detik.com/dw/d-7139849/apa-pemicu-makin-banyak-petani-eropa-berdemonstrasi-di-jalanan,https://akcdn.detik.net.id/community/media/visual/2024/01/13/dw_43.webp?w=250&q=90,"Sabtu, 13 Jan 2024 16:30 WIB",,reformasi subsidi bahan bakar fosil
,https://finance.detik.com/energi/d-7062088/bph-migas-beri-edukasi-hilir-migas-ke-mahasiswa-usu,https://akcdn.detik.net.id/community/media/visual/2023/11/29/bph-migas-sapa-mahasiswa-usu_43.jpeg?w=250&q=90,"Rabu, 29 Nov 2023 09:48 WIB",,reformasi subsidi bahan bakar fosil
,https://finance.detik.com/energi/d-6171567/daftar-negara-yang-beri-subsidi-bbm-terbesar-ada-indonesia,https://akcdn.detik.net.id/community/media/visual/2018/11/28/ffa4b8dd-6a4d-423c-86fc-c5a77ce53af2_43.jpeg?w=250&q=90,"Minggu, 10 Jul 2022 13:29 WIB",,reformasi subsidi bahan bakar fosil
,https://news.detik.com/kolom/d-6072354/subsidi-bbm-untuk-penguatan-apbn,https://akcdn.detik.net.id/community/media/visual/2022/04/02/pertamax-naik-pertalite-kosong-di-sejumlah-spbu-di-bekasi-4_43.jpeg?w=250&q=90,"Rabu, 11 Mei 2022 13:00 WIB",,reformasi subsidi bahan bakar fosil
,https://news.detik.com/kolom/d-5894282/eksistensi-dan-konsistensi-politik-batu-bara,https://akcdn.detik.net.id/community/media/visual/2022/01/07/tambang-batu-bara-1_43.jpeg?w=250&q=90,"Rabu, 12 Jan 2022 10:30 WIB",,reformasi subsidi bahan bakar fosil
,https://finance.detik.com/energi/d-5496027/menteri-esdm-transisi-energi-merupakan-inti-pencapaian-sdgs,https://akcdn.detik.net.id/community/media/visual/2020/03/02/9abceb60-65ae-45d7-9af3-375cb9091f93_43.jpeg?w=250&q=90,"Selasa, 16 Mar 2021 19:44 WIB",,reformasi subsidi bahan bakar fosil
,https://news.detik.com/berita/d-5043381/global-landscapes-forum-2020-indonesia-inspirasi-bagi-dunia,https://akcdn.detik.net.id/community/media/visual/2020/06/06/siti-nurbaya_43.jpeg?w=250&q=90,"Sabtu, 06 Jun 2020 17:46 WIB",,reformasi subsidi bahan bakar fosil
,https://finance.detik.com/berita-ekonomi-bisnis/d-3754502/di-depan-negara-g20-sri-mulyani-pamer-cara-ri-pangkas-subsidi-bbm,https://akcdn.detik.net.id/community/media/visual/2017/11/29/f58aef09-4898-4570-8fb3-a96674c5fd14_43.jpg?w=250&q=90,"Senin, 04 Des 2017 18:26 WIB",,reformasi subsidi bahan bakar fosil
,https://news.detik.com/kolom/d-8321463/prabowonomics-davos-dan-diplomasi-rupiah,https://akcdn.detik.net.id/community/media/visual/2026/01/17/pengamat-kebijakan-publik-dr-eko-wahyuanto-1768654527257_43.jpeg?w=250&q=90,"Jumat, 23 Jan 2026 15:34 WIB",,kebijakan transisi energi Indonesia
,https://news.detik.com/berita/d-8317171/eddy-soeparno-kegiatan-diplomasi-prabowo-mampu-bawa-dampak-positif,https://akcdn.detik.net.id/community/media/visual/2025/09/01/wakil-ketua-mpr-ri-eddy-soeparno-1756695909374_43.jpeg?w=250&q=90,"Rabu, 21 Jan 2026 10:23 WIB",,kebijakan transisi energi Indonesia
,https://finance.detik.com/energi/d-8316353/tanpa-modal-awal-energi-surya-jadi-solusi-efisiensi-biaya-listrik-industri,https://akcdn.detik.net.id/community/media/visual/2026/01/20/sun-energy-1768905399075_43.jpeg?w=250&q=90,"Selasa, 20 Jan 2026 17:38 WIB",,kebijakan transisi energi Indonesia
,https://news.detik.com/kolom/d-8315835/jalan-terjal-presiden-prabowo-dan-alarm-bahaya-2026,https://akcdn.detik.net.id/community/media/visual/2026/01/17/pengamat-kebijakan-publik-dr-eko-wahyuanto-1768654527257_43.jpeg?w=250&q=90,"Selasa, 20 Jan 2026 14:00 WIB",,kebijakan transisi energi Indonesia
,https://news.detik.com/berita/d-8315380/bamsoet-dukung-prabowo-jalin-kerja-sama-dengan-kampus-bergengsi-inggris,https://akcdn.detik.net.id/community/media/visual/2026/01/20/bamsoet-dukung-prabowo-jalin-kerja-sama-dengan-kampus-bergengsi-inggris-1768879589404_43.jpeg?w=250&q=90,"Selasa, 20 Jan 2026 10:26 WIB",,kebijakan transisi energi Indonesia
,https://finance.detik.com/energi/d-8314230/sukses-gelar-satgas-nataru-pertamina-bersiap-hadapi-ramadan-1447-hijriah,https://akcdn.detik.net.id/community/media/visual/2026/01/19/sukses-gelar-satgas-nataru-pertamina-bersiap-hadapi-ramadan-1447-hijriah-1768810559770_43.jpeg?w=250&q=90,"Senin, 19 Jan 2026 15:21 WIB",,kebijakan transisi energi Indonesia
,https://finance.detik.com/berita-ekonomi-bisnis/d-8313815/danantara-hadir-di-forum-ekonomi-dunia-rayu-investor-global,https://akcdn.detik.net.id/community/media/visual/2025/07/01/wisma-danantara-indonesia-1751345496674_43.jpeg?w=250&q=90,"Senin, 19 Jan 2026 12:26 WIB",,kebijakan transisi energi Indonesia
,https://news.detik.com/berita/d-8311918/eddy-soeparno-bicara-strategi-mitigasi-indonesia-hadapi-krisis-iklim,https://akcdn.detik.net.id/community/media/visual/2026/01/17/wakil-ketua-mpr-ri-dari-fraksi-partai-amanat-nasional-pan-eddy-soeparno-1768656780045_43.jpeg?w=250&q=90,"Sabtu, 17 Jan 2026 20:38 WIB",,kebijakan transisi energi Indonesia
,https://news.detik.com/kolom/d-8309318/trump-tarik-diri-indonesia-justru-harus-maju,https://akcdn.detik.net.id/community/media/visual/2025/08/25/ilustrasi-rumah-hijau-1756096026496_43.jpeg?w=250&q=90,"Sabtu, 17 Jan 2026 10:45 WIB",,kebijakan transisi energi Indonesia
,https://news.detik.com/berita/d-8308931/eddy-soeparno-promosikan-potensi-panas-bumi-ri-di-forum-geothermal-dunia,https://akcdn.detik.net.id/community/media/visual/2026/01/15/mpr-1768464352909_43.jpeg?w=250&q=90,"Kamis, 15 Jan 2026 15:06 WIB",,kebijakan transisi energi Indonesia
,https://news.detik.com/berita/d-8317171/eddy-soeparno-kegiatan-diplomasi-prabowo-mampu-bawa-dampak-positif,https://akcdn.detik.net.id/community/media/visual/2025/09/01/wakil-ketua-mpr-ri-eddy-soeparno-1756695909374_43.jpeg?w=250&q=90,"Rabu, 21 Jan 2026 10:23 WIB",,kebijakan net zero energi
,https://finance.detik.com/energi/d-8316353/tanpa-modal-awal-energi-surya-jadi-solusi-efisiensi-biaya-listrik-industri,https://akcdn.detik.net.id/community/media/visual/2026/01/20/sun-energy-1768905399075_43.jpeg?w=250&q=90,"Selasa, 20 Jan 2026 17:38 WIB",,kebijakan net zero energi
,https://finance.detik.com/energi/d-8314230/sukses-gelar-satgas-nataru-pertamina-bersiap-hadapi-ramadan-1447-hijriah,https://akcdn.detik.net.id/community/media/visual/2026/01/19/sukses-gelar-satgas-nataru-pertamina-bersiap-hadapi-ramadan-1447-hijriah-1768810559770_43.jpeg?w=250&q=90,"Senin, 19 Jan 2026 15:21 WIB",,kebijakan net zero energi
,https://news.detik.com/kolom/d-8309318/trump-tarik-diri-indonesia-justru-harus-maju,https://akcdn.detik.net.id/community/media/visual/2025/08/25/ilustrasi-rumah-hijau-1756096026496_43.jpeg?w=250&q=90,"Sabtu, 17 Jan 2026 10:45 WIB",,kebijakan net zero energi
,https://finance.detik.com/energi/d-8308777/akui-program-biomassa-belum-optimal-esdm-ungkap-tantangannya,https://akcdn.detik.net.id/community/media/visual/2026/01/15/staf-ahlil-menteri-esdm-bidang-ekonomi-sumber-daya-alam-1768460678687_43.jpeg?w=250&q=90,"Kamis, 15 Jan 2026 14:05 WIB",,kebijakan net zero energi
,https://finance.detik.com/energi/d-8305318/shell-cs-bakal-diminta-beli-bbm-produksi-lokal-dari-pertamina-ini-alasannya,https://akcdn.detik.net.id/community/media/visual/2025/09/18/ilustrasi-bbm-1758191151008_43.png?w=250&q=90,"Selasa, 13 Jan 2026 14:37 WIB",,kebijakan net zero energi
,https://finance.detik.com/energi/d-8304282/hasil-bahlil-rapat-sampai-jam-2-pagi-spbu-swasta-beli-bbm-lewat-pertamina,https://akcdn.detik.net.id/community/media/visual/2026/01/12/bahlil-di-kawasan-proyek-rdmp-pertamina-balikpapan-1768211375409_43.jpeg?w=250&q=90,"Senin, 12 Jan 2026 20:25 WIB",,kebijakan net zero energi
,https://finance.detik.com/energi/d-8304069/bahlil-janji-ke-prabowo-rdmp-balikpapan-produksi-bbm-ron-92-95-dan-98,https://akcdn.detik.net.id/community/media/visual/2026/01/12/menteri-esdm-bahlil-lahadalia-1768210384948_43.jpeg?w=250&q=90,"Senin, 12 Jan 2026 18:25 WIB",,kebijakan net zero energi
,https://news.detik.com/berita/d-8304058/21-poin-rekomendasi-rakernas-pdip-partai-penyeimbang-tolak-pilkada-via-dprd,https://akcdn.detik.net.id/community/media/visual/2026/01/10/megawati-soekanoputri-di-hut-ke-53-dan-rakernas-pdip-jakarta-sabtu-1012026-1768041030523_43.jpeg?w=250&q=90,"Senin, 12 Jan 2026 18:19 WIB",,kebijakan net zero energi
,https://news.detik.com/berita/d-8286601/waka-mpr-harap-2026-jadi-titik-balik-kebijakan-mitigasi-perubahan-iklim,https://akcdn.detik.net.id/community/media/visual/2025/11/03/wakil-ketua-mpr-eddy-soeparno-1762182151059_43.jpeg?w=250&q=90,"Rabu, 31 Des 2025 19:06 WIB",,kebijakan net zero energi
,https://finance.detik.com/bursa-dan-valas/d-8321621/prediksi-ihsg-2026-bisa-tembus-10-000-atau-balik-ke-7-500,https://akcdn.detik.net.id/community/media/visual/2021/11/19/ihsg-ditutup-menguat-3_43.jpeg?w=250&q=90,"Jumat, 23 Jan 2026 16:24 WIB",,indeks sektor energi
,https://finance.detik.com/bursa-dan-valas/d-8320739/ihsg-turun-tipis-imbas-aksi-jual-asing-emiten-hiburan-alat-berat-disorot,https://akcdn.detik.net.id/community/media/visual/2026/01/23/bursa-dan-valas-1769132111-1769132111780_43.jpeg?w=250&q=90,"Jumat, 23 Jan 2026 09:06 WIB",,indeks sektor energi
,https://finance.detik.com/infrastruktur/d-8319154/stasiun-jatake-operasi-akhir-bulan-ini,https://akcdn.detik.net.id/community/media/visual/2025/12/29/stasiun-jatake-1766982285277_43.jpeg?w=250&q=90,"Kamis, 22 Jan 2026 12:07 WIB",,indeks sektor energi
,https://www.detik.com/jateng/bisnis/d-8317752/nilai-tukar-rupiah-melemah-1-dollar-berapa-rupiah-hari-ini,https://akcdn.detik.net.id/community/media/visual/2026/01/21/dolar-amerika-serikat-1768980188872_43.jpeg?w=250&q=90,"Rabu, 21 Jan 2026 14:26 WIB",,indeks sektor energi
,https://finance.detik.com/bursa-dan-valas/d-8317049/ihsg-stagnan-di-9-134-keen-kunci-kontrak-listrik-surya-buva-mau-tambah-modal,https://akcdn.detik.net.id/community/media/visual/2026/01/21/bursa-dan-valas-1768959568-1768959568328_43.jpeg?w=250&q=90,"Rabu, 21 Jan 2026 08:46 WIB",,indeks sektor energi
,https://finance.detik.com/bursa-dan-valas/d-8313453/ihsg-naik-ke-9-075-bris-catat-pembiayaan-umkm-tumbuh-asii-mau-buyback,https://akcdn.detik.net.id/community/media/visual/2026/01/19/bursa-dan-valas-1768787007-1768787008012_43.jpeg?w=250&q=90,"Senin, 19 Jan 2026 08:54 WIB",,indeks sektor energi
,https://finance.detik.com/bursa-dan-valas/d-8304476/ihsg-sempat-anjlok-2-gara-gara-aksi-ambil-untung,https://akcdn.detik.net.id/community/media/visual/2020/09/10/perdagangan-ihsg-disetop-usai-anjlok-5_43.jpeg?w=250&q=90,"Selasa, 13 Jan 2026 07:30 WIB",,indeks sektor energi
,https://finance.detik.com/bursa-dan-valas/d-8303754/biang-kerok-ihsg-sempat-anjlok-2,https://akcdn.detik.net.id/community/media/visual/2020/09/10/perdagangan-ihsg-disetop-usai-anjlok-5-3_43.jpeg?w=250&q=90,"Senin, 12 Jan 2026 16:24 WIB",,indeks sektor energi
,https://finance.detik.com/berita-ekonomi-bisnis/d-8296904/china-keluarkan-larangan-ekspor-jepang-protes-keras,https://akcdn.detik.net.id/community/media/visual/2024/07/11/sebuah-bendera-china-yang-sedang-berkibar-di-depan-mesin-pengangkut-kargo-di-pelabuhan-di-china_43.jpeg?w=250&q=90,"Rabu, 07 Jan 2026 22:37 WIB",,indeks sektor energi
,https://finance.detik.com/bursa-dan-valas/d-8293833/ihsg-menguat-di-awal-pekan-simak-aksi-emiten-yang-warnai-perdagangan,https://akcdn.detik.net.id/community/media/visual/2026/01/06/bursa-dan-valas-1767663055-1767663055726_43.jpeg?w=250&q=90,"Selasa, 06 Jan 2026 08:36 WIB",,indeks sektor energi
,https://www.detik.com/jateng/bisnis/d-8317752/nilai-tukar-rupiah-melemah-1-dollar-berapa-rupiah-hari-ini,https://akcdn.detik.net.id/community/media/visual/2026/01/21/dolar-amerika-serikat-1768980188872_43.jpeg?w=250&q=90,"Rabu, 21 Jan 2026 14:26 WIB",,kinerja saham minyak gas
,https://finance.detik.com/energi/d-8266392/raksasa-migas-inggris-punya-bos-baru-ini-sosoknya,https://akcdn.detik.net.id/community/media/visual/2022/11/02/spbu-bbm-bp-1_43.jpeg?w=250&q=90,"Kamis, 18 Des 2025 16:38 WIB",,kinerja saham minyak gas
,https://finance.detik.com/berita-ekonomi-bisnis/d-8167183/konstitusionalisasi-dan-profesionalisme-bumn,https://akcdn.detik.net.id/community/media/visual/2020/07/02/logo-baru-kementerian-bumn-1_43.jpeg?w=250&q=90,"Sabtu, 18 Okt 2025 20:17 WIB",,kinerja saham minyak gas
,https://news.detik.com/berita/d-8063312/perdana-pidato-lengkap-prabowo-beberkan-rapbn-2026,https://akcdn.detik.net.id/community/media/visual/2025/08/15/momen-pidato-perdana-prabowo-di-sidang-tahunan-mpr-1755233887684_43.jpeg?w=250&q=90,"Jumat, 15 Agu 2025 18:12 WIB",,kinerja saham minyak gas
,https://finance.detik.com/bursa-dan-valas/d-8032396/prospek-saham-perusahaan-gas-negara-di-tengah-rencana-impor-lpg,https://akcdn.detik.net.id/community/media/visual/2024/06/17/pgn-1_43.jpeg?w=250&q=90,"Senin, 28 Jul 2025 11:10 WIB",,kinerja saham minyak gas
,https://finance.detik.com/bursa-dan-valas/d-8012319/mengenal-sejarah-bni-bank-pertama-milik-ri,https://akcdn.detik.net.id/community/media/visual/2023/04/13/bni-1_43.jpeg?w=250&q=90,"Selasa, 15 Jul 2025 13:35 WIB",,kinerja saham minyak gas
,https://finance.detik.com/energi/d-8005250/wamenlu-ditunjuk-jadi-komisaris-pertamina-international-shipping,https://akcdn.detik.net.id/community/media/visual/2025/07/08/wakil-menteri-luar-negeri-wamenlu-arif-havas-oegroseno-dwidetikcom-1751976492421_43.jpeg?w=250&q=90,"Kamis, 10 Jul 2025 16:06 WIB",,kinerja saham minyak gas
,https://finance.detik.com/energi/d-8002248/pertamina-international-shipping-rombak-direksi-punya-dirut-baru,https://akcdn.detik.net.id/community/media/visual/2024/02/02/kapal-tanker-ri-lolos-dari-houthi-di-laut-merah-milik-pis-kini-lanjut-ke-terusan-suez_43.jpeg?w=250&q=90,"Selasa, 08 Jul 2025 20:15 WIB",,kinerja saham minyak gas
,https://finance.detik.com/bursa-dan-valas/d-7982758/shell-bantah-isu-bakal-caplok-bp,https://akcdn.detik.net.id/community/media/visual/2015/12/23/ecdf553d-6d2c-4850-a969-39bb72f0dad1_43.jpg?w=250&q=90,"Kamis, 26 Jun 2025 08:49 WIB",,kinerja saham minyak gas
,https://finance.detik.com/berita-ekonomi-bisnis/d-7981569/mitigasi-ekonomi-ri-di-masa-perang-iran-israel,https://akcdn.detik.net.id/community/media/visual/2025/06/25/detik-sore-25-juni-2025-1750835888427_43.jpeg?w=250&q=90,"Rabu, 25 Jun 2025 14:40 WIB",,kinerja saham minyak gas
,https://finance.detik.com/bursa-dan-valas/d-8208224/ihsg-menguat-tipis-garuda-dan-ptpp-jadi-sorotan-pasar,https://akcdn.detik.net.id/community/media/visual/2025/11/13/bursa-dan-valas-1762996907-1762996907761_43.jpeg?w=250&q=90,"Kamis, 13 Nov 2025 09:19 WIB",,indeks saham energi terbarukan
,https://news.detik.com/berita/d-8063312/perdana-pidato-lengkap-prabowo-beberkan-rapbn-2026,https://akcdn.detik.net.id/community/media/visual/2025/08/15/momen-pidato-perdana-prabowo-di-sidang-tahunan-mpr-1755233887684_43.jpeg?w=250&q=90,"Jumat, 15 Agu 2025 18:12 WIB",,indeks saham energi terbarukan
,https://finance.detik.com/bursa-dan-valas/d-7829865/ihsg-terkapar-investor-harus-gimana,https://akcdn.detik.net.id/community/media/visual/2024/04/22/jelang-putusan-mk-ihsg-menguat-4_43.jpeg?w=250&q=90,"Selasa, 18 Mar 2025 19:28 WIB",,indeks saham energi terbarukan
,https://news.detik.com/dw/d-7662989/meraba-strategi-ekonomi-china-hadapi-ancaman-tarif-trump,https://akcdn.detik.net.id/community/media/visual/2024/11/29/meraba-strategi-ekonomi-cina-hadapi-ancaman-tarif-trump_43.jpeg?w=250&q=90,"Jumat, 29 Nov 2024 14:30 WIB",,indeks saham energi terbarukan
,https://finance.detik.com/bursa-dan-valas/d-7555059/simak-di-sini-rekomendasi-saham-harian,https://akcdn.detik.net.id/community/media/visual/2021/11/02/ilustrasi-saham_43.jpeg?w=250&q=90,"Selasa, 24 Sep 2024 08:41 WIB",,indeks saham energi terbarukan
,https://finance.detik.com/bursa-dan-valas/d-7498065/ihsg-sentuh-rekor-baru-usai-jokowi-reshuffle-kabinet,https://akcdn.detik.net.id/community/media/visual/2021/11/19/ihsg-ditutup-menguat-3_43.jpeg?w=250&q=90,"Senin, 19 Agu 2024 17:37 WIB",,indeks saham energi terbarukan
,https://finance.detik.com/bursa-dan-valas/d-7294118/usai-libur-panjang-ihsg-dibuka-merosot-ke-zona-merah,https://akcdn.detik.net.id/community/media/visual/2021/11/19/ihsg-ditutup-menguat-3_43.jpeg?w=250&q=90,"Selasa, 16 Apr 2024 09:07 WIB",,indeks saham energi terbarukan
,https://finance.detik.com/berita-ekonomi-bisnis/d-6999882/lembaga-pengelola-dana-abadi-terbesar-di-dunia-rugi-rp-538-t-ini-biang-keroknya,https://akcdn.detik.net.id/community/media/visual/2023/06/08/ilustrasi-harta-dan-uang_43.jpeg?w=250&q=90,"Selasa, 24 Okt 2023 21:28 WIB",,indeks saham energi terbarukan
,https://finance.detik.com/bursa-dan-valas/d-6938539/simak-saham-saham-pilihan-yang-berpotensi-kasih-cuan,https://akcdn.detik.net.id/community/media/visual/2023/06/29/1397862835_43.jpeg?w=250&q=90,"Selasa, 19 Sep 2023 08:42 WIB",,indeks saham energi terbarukan
,https://finance.detik.com/bursa-dan-valas/d-6892718/ihsg-pagi-ini-dibuka-merah-di-6-919-turun-0-02,https://akcdn.detik.net.id/community/media/visual/2015/11/18/08172b00-12d9-480d-b251-d96e46fcc104_43.jpg?w=250&q=90,"Kamis, 24 Agu 2023 09:15 WIB",,indeks saham energi terbarukan
,https://finance.detik.com/berita-ekonomi-bisnis/d-5918066/saham-dan-kripto-mulai-lesu-saatnya-borong-emas-lagi,https://akcdn.detik.net.id/community/media/visual/2018/05/03/ccf60e9c-2c0d-48a9-89fb-ab468c56a026_43.jpeg?w=250&q=90,"Jumat, 28 Jan 2022 08:37 WIB",,volatilitas ETF energi
,https://finance.detik.com/berita-ekonomi-bisnis/d-4941384/corona-bisa-bikin-utang-korporasi-bengkak-hingga-memicu-resesi,https://akcdn.detik.net.id/community/media/visual/2020/03/15/3520ec01-516d-44a2-84c7-6219b6cdd5b0_43.jpeg?w=250&q=90,"Senin, 16 Mar 2020 17:41 WIB",,volatilitas ETF energi
,https://finance.detik.com/market-research/d-3014915/i-trading-i-saham-butuh-3m,https://akcdn.detik.net.id/customthumb/2015/09/10/1015/ellenmay.jpg?w=250&q=90,"Kamis, 10 Sep 2015 08:48 WIB",,volatilitas ETF energi
,https://finance.detik.com/bursa-dan-valas/d-1593799/wall-street-jatuh-makin-dalam-kena-krisis-nuklir-jepang,https://akcdn.detik.net.id/customthumb/2011/03/17/6/Reuters11-luar.jpeg?w=250&q=90,"Kamis, 17 Mar 2011 07:22 WIB",,volatilitas ETF energi
,https://news.detik.com/berita/d-8323602/eddy-soeparno-apresiasi-pidato-prabowo-bahas-investasi-di-wef-davos-2026,https://akcdn.detik.net.id/community/media/visual/2026/01/07/wakil-ketua-mpr-dari-fraksi-partai-amanat-nasional-eddy-soeparno-1767786611761_43.jpeg?w=250&q=90,15 jam yang lalu,,dampak kebijakan iklim energi
,https://news.detik.com/berita/d-8321431/isi-pidato-lengkap-prabowo-di-wef-2026-davos-bicara-mbg-hingga-danantara,https://akcdn.detik.net.id/community/media/visual/2026/01/23/potret-prabowo-di-world-economic-forum-1769138839563_43.jpeg?w=250&q=90,"Jumat, 23 Jan 2026 15:14 WIB",,dampak kebijakan iklim energi
,https://news.detik.com/berita/d-8319710/puan-ketua-majelis-nasional-korsel-bertemu-bahas-perlindungan-pmi,https://akcdn.detik.net.id/community/media/visual/2026/01/22/ketua-dpr-ri-puan-maharani-bertemu-dengan-ketua-majelis-nasional-republik-korea-woo-won-shik-di-gedung-dpr-jakarta-hari-ini-da-1769071558086_43.jpeg?w=250&q=90,"Kamis, 22 Jan 2026 15:47 WIB",,dampak kebijakan iklim energi
,https://www.detik.com/jateng/bisnis/d-8317752/nilai-tukar-rupiah-melemah-1-dollar-berapa-rupiah-hari-ini,https://akcdn.detik.net.id/community/media/visual/2026/01/21/dolar-amerika-serikat-1768980188872_43.jpeg?w=250&q=90,"Rabu, 21 Jan 2026 14:26 WIB",,dampak kebijakan iklim energi
,https://news.detik.com/kolom/d-8317598/kedaulatan-hijau-mengunci-pintu-bagi-spekulan-hutan,https://akcdn.detik.net.id/community/media/visual/2026/01/17/pengamat-kebijakan-publik-dr-eko-wahyuanto-1768654527257_43.jpeg?w=250&q=90,"Rabu, 21 Jan 2026 13:29 WIB",,dampak kebijakan iklim energi
,https://news.detik.com/berita/d-8317171/eddy-soeparno-kegiatan-diplomasi-prabowo-mampu-bawa-dampak-positif,https://akcdn.detik.net.id/community/media/visual/2025/09/01/wakil-ketua-mpr-ri-eddy-soeparno-1756695909374_43.jpeg?w=250&q=90,"Rabu, 21 Jan 2026 10:23 WIB",,dampak kebijakan iklim energi
,https://finance.detik.com/berita-ekonomi-bisnis/d-8313815/danantara-hadir-di-forum-ekonomi-dunia-rayu-investor-global,https://akcdn.detik.net.id/community/media/visual/2025/07/01/wisma-danantara-indonesia-1751345496674_43.jpeg?w=250&q=90,"Senin, 19 Jan 2026 12:26 WIB",,dampak kebijakan iklim energi
,https://news.detik.com/berita/d-8311918/eddy-soeparno-bicara-strategi-mitigasi-indonesia-hadapi-krisis-iklim,https://akcdn.detik.net.id/community/media/visual/2026/01/17/wakil-ketua-mpr-ri-dari-fraksi-partai-amanat-nasional-pan-eddy-soeparno-1768656780045_43.jpeg?w=250&q=90,"Sabtu, 17 Jan 2026 20:38 WIB",,dampak kebijakan iklim energi
,https://news.detik.com/dw/d-8311177/greenland-pulau-berselimut-es-yang-jadi-titik-api-dalam-politik-arktik,https://akcdn.detik.net.id/community/media/visual/2026/01/17/grinlandia-pulau-berselimut-es-yang-memanaskan-kawasan-arktik-1768617227127_43.jpeg?w=250&q=90,"Sabtu, 17 Jan 2026 09:33 WIB",,dampak kebijakan iklim energi
,https://news.detik.com/berita/d-8304623/eddy-soeparno-bahas-potensi-geothermal-ri-di-abu-dhabi-sustainability-week,https://akcdn.detik.net.id/community/media/visual/2025/12/25/wakil-ketua-mpr-eddy-soeparno-1766665919473_43.jpeg?w=250&q=90,"Selasa, 13 Jan 2026 09:07 WIB",,dampak kebijakan iklim energi
,https://finance.detik.com/energi/d-8318519/isu-emisi-dan-tata-kelola-hilir-migas-ini-penilaian-lembaga-global,https://akcdn.detik.net.id/community/media/visual/2025/01/17/pertamina-patra-niaga_43.jpeg?w=250&q=90,"Rabu, 21 Jan 2026 15:10 WIB",,regulasi ESG energi
,https://finance.detik.com/energi/d-8314012/lebih-dari-2-000-barel-minyak-diproduksi-di-papua-field,https://akcdn.detik.net.id/community/media/visual/2026/01/19/lapangan-migas-salawati-sorong-papua-barat-1768805696958_43.jpeg?w=250&q=90,"Senin, 19 Jan 2026 13:59 WIB",,regulasi ESG energi
,https://finance.detik.com/berita-ekonomi-bisnis/d-8249244/konsistensi-terapkan-esg-pupuk-kaltim-raih-platinum-asrrat-ke-8,https://akcdn.detik.net.id/community/media/visual/2025/12/08/pupuk-kaltim-1765183758155_43.jpeg?w=250&q=90,"Senin, 08 Des 2025 15:49 WIB",,regulasi ESG energi
,https://www.detik.com/bali/berita/d-8244311/ramalan-lengkap-shio-tahun-kuda-api-2026-siapa-paling-bersinar-dan-hoki,https://akcdn.detik.net.id/community/media/visual/2025/05/19/ilustrasi-shio-1747619328086_43.jpeg?w=250&q=90,"Jumat, 05 Des 2025 08:49 WIB",,regulasi ESG energi
,https://finance.detik.com/industri/d-8242905/proyek-pabrik-methanol-1-juta-ton-dimulai-pengujian-sertifikasi-dilibatkan,https://akcdn.detik.net.id/community/media/visual/2025/12/04/pengujian-1764826404966_43.jpeg?w=250&q=90,"Kamis, 04 Des 2025 10:33 WIB",,regulasi ESG energi
,https://finance.detik.com/energi/d-8226039/di-panggung-cop30-pt-vale-huayou-ungkap-jurus-dekarbonisasi-hilirisasi,https://akcdn.detik.net.id/community/media/visual/2025/11/24/vale-indonesia-1763972702016_43.jpeg?w=250&q=90,"Senin, 24 Nov 2025 15:25 WIB",,regulasi ESG energi
,https://finance.detik.com/berita-ekonomi-bisnis/d-8219010/bni-luncurkan-esg-advisory-playbook-khusus-untuk-sektor-industri-sawit,https://akcdn.detik.net.id/community/media/visual/2025/11/19/bni-1763558422033_43.jpeg?w=250&q=90,"Rabu, 19 Nov 2025 20:22 WIB",,regulasi ESG energi
,https://finance.detik.com/ekonomi-hijau/d-8209271/bni-raih-penghargaan-leadership-aa-di-indonesia-esg-leadership-awards-2025,https://akcdn.detik.net.id/community/media/visual/2025/11/13/bni-raih-penghargaan-leadership-aa-di-indonesia-esg-leadership-awards-2025-1763029619420_43.jpeg?w=250&q=90,"Kamis, 13 Nov 2025 17:27 WIB",,regulasi ESG energi
,https://finance.detik.com/energi/d-8204785/momentum-baru-perkuat-fondasi-transisi-energi-di-ri,https://akcdn.detik.net.id/community/media/visual/2024/10/17/pertamina-geothermal-energy_43.png?w=250&q=90,"Selasa, 11 Nov 2025 10:43 WIB",,regulasi ESG energi
,https://news.detik.com/berita/d-8203110/bawa-merah-putih-di-laut-dunia-pis-tegakkan-standar-keselamatan-global,https://akcdn.detik.net.id/community/media/visual/2025/11/10/pertamina-international-shipping-1762753848067_43.jpeg?w=250&q=90,"Senin, 10 Nov 2025 12:51 WIB",,regulasi ESG energi
,https://finance.detik.com/bursa-dan-valas/d-8215056/komisi-xi-cecar-anak-buah-purbaya-soal-lesunya-bursa-karbon-ri,https://akcdn.detik.net.id/community/media/visual/2025/11/17/komisi-xi-cecar-anak-buah-purbaya-soal-lesunya-bursa-karbon-ri-1763372279120_43.jpeg?w=250&q=90,"Senin, 17 Nov 2025 16:48 WIB",,dampak harga karbon energi
,https://www.detik.com/jabar/berita/d-8187506/sorgum-bersemi-negeri-berenergi,https://akcdn.detik.net.id/community/media/visual/2025/10/31/sorgum-yang-ditanam-di-ujungberung-kota-bandung-1761914880273_43.jpeg?w=250&q=90,"Jumat, 31 Okt 2025 13:38 WIB",,dampak harga karbon energi
,https://finance.detik.com/bursa-dan-valas/d-8184182/tbs-energi-raup-pendapatan-rp-4-7-t-dalam-9-bulan,https://akcdn.detik.net.id/community/media/visual/2022/04/08/ihsg-ditutup-menguat-1_43.jpeg?w=250&q=90,"Rabu, 29 Okt 2025 13:55 WIB",,dampak harga karbon energi
,https://www.detik.com/properti/tips-dan-panduan/d-8175016/marmer-vs-keramik-mana-yang-lebih-awet-dan-go-green,https://akcdn.detik.net.id/community/media/visual/2024/06/22/453602567_43.jpeg?w=250&q=90,"Jumat, 24 Okt 2025 08:46 WIB",,dampak harga karbon energi
,https://news.detik.com/berita/d-8171892/waka-mpr-soal-prabowo-teken-perpres-110-2025-ini-yang-ditunggu-tunggu,https://akcdn.detik.net.id/community/media/visual/2025/10/21/eddy-soeparno-1761048677977_43.jpeg?w=250&q=90,"Selasa, 21 Okt 2025 19:11 WIB",,dampak harga karbon energi
,https://www.detik.com/sumut/bisnis/d-8160256/menguak-tabir-penolakan-etanol-bisnis-ataukah-kedaulatan-energi,https://akcdn.detik.net.id/community/media/visual/2025/10/14/presiden-dem-sumatera-utara-fahrozi-kanan-dok-pertamina-1760429792981_43.jpeg?w=250&q=90,"Selasa, 14 Okt 2025 15:29 WIB",,dampak harga karbon energi
,https://news.detik.com/dw/d-8128350/teknologi-fitoekstraksi-panen-nikel-di-ladang-bunga,https://akcdn.detik.net.id/community/media/visual/2025/09/24/teknologi-fitoekstraksi-panen-nikel-di-ladang-bunga-1758705628796_43.jpeg?w=250&q=90,"Rabu, 24 Sep 2025 16:20 WIB",,dampak harga karbon energi
,https://www.detik.com/sumut/bisnis/d-8105437/iphone-17-17-pro-max-dirilis-ini-spek-lengkap-dan-jadwal-rilis-di-indonesia,https://akcdn.detik.net.id/community/media/visual/2025/09/10/iphone-17-air-1757441026519_43.webp?w=250&q=90,"Rabu, 10 Sep 2025 21:38 WIB",,dampak harga karbon energi
,https://finance.detik.com/energi/d-8058893/tanpa-stimulus-ri-disebut-cuma-jadi-pasar-motor-listrik-impor,https://akcdn.detik.net.id/community/media/visual/2025/02/11/angin-segar-subsidi-motor-listrik-di-indonesia-2_43.jpeg?w=250&q=90,"Rabu, 13 Agu 2025 13:36 WIB",,dampak harga karbon energi
,https://finance.detik.com/energi/d-8038563/pgn-konversi-40-mobil-online-ke-bbg-ongkos-operasional-turun-drastis,https://akcdn.detik.net.id/community/media/visual/2025/07/31/pgn-1753948065656_43.jpeg?w=250&q=90,"Kamis, 31 Jul 2025 10:57 WIB",,dampak harga karbon energi
,https://finance.detik.com/berita-ekonomi-bisnis/d-8219010/bni-luncurkan-esg-advisory-playbook-khusus-untuk-sektor-industri-sawit,https://akcdn.detik.net.id/community/media/visual/2025/11/19/bni-1763558422033_43.jpeg?w=250&q=90,"Rabu, 19 Nov 2025 20:22 WIB",,taksonomi hijau energi
,https://finance.detik.com/ekonomi-hijau/d-8187936/ojk-bakal-wajibkan-pembiayaan-hijau-lembaga-keuangan,https://akcdn.detik.net.id/community/media/visual/2025/07/31/energi-surya-jadi-andalan-irigasi-sawah-tadah-hujan-indramayu-1753945418077_43.jpeg?w=250&q=90,"Jumat, 31 Okt 2025 16:36 WIB",,taksonomi hijau energi
,https://finance.detik.com/ekonomi-hijau/d-7996401/bni-kian-agresif-dorong-pembiayaan-hijau-portofolio-capai-rp-13-37-t,https://akcdn.detik.net.id/community/media/visual/2025/07/03/gedung-bni-1751550922825_43.png?w=250&q=90,"Jumat, 04 Jul 2025 19:10 WIB",,taksonomi hijau energi
,https://finance.detik.com/moneter/d-7817337/strategi-bank-mandiri-perkuat-kebijakan-pembiayaan-produk-berkelanjutan,https://akcdn.detik.net.id/community/media/visual/2025/03/11/bank-mandiri-1741668061232_43.jpeg?w=250&q=90,"Selasa, 11 Mar 2025 11:41 WIB",,taksonomi hijau energi
,https://finance.detik.com/moneter/d-7795474/ojk-dukung-penyediaan-rumah-tapak-bagi-masyarakat-berpenghasilan-rendah,https://akcdn.detik.net.id/community/media/visual/2016/12/30/59e6cb2c-4043-4878-a12b-89f4ab9e5a8e_43.jpg?w=250&q=90,"Selasa, 25 Feb 2025 21:30 WIB",,taksonomi hijau energi
,https://news.detik.com/berita/d-7794236/pertamina-raih-penghargaan-proper-dari-kementerian-lingkungan-hidup,https://akcdn.detik.net.id/community/media/visual/2025/02/25/pertamina-1740450680835_43.jpeg?w=250&q=90,"Selasa, 25 Feb 2025 09:31 WIB",,taksonomi hijau energi
,https://finance.detik.com/ekonomi-hijau/d-7769820/dukung-nze-2060-bank-mandiri-aktif-di-pasar-karbon-internasional,https://akcdn.detik.net.id/community/media/visual/2025/02/09/bank-mandiri_43.jpeg?w=250&q=90,"Minggu, 09 Feb 2025 10:33 WIB",,taksonomi hijau energi
,https://finance.detik.com/ekonomi-hijau/d-7746403/transisi-energi-di-ri-dinilai-belum-memuaskan,https://akcdn.detik.net.id/community/media/visual/2024/10/22/percepat-transisi-perusahaan-menuju-energi-terbarukan-4_43.jpeg?w=250&q=90,"Kamis, 23 Jan 2025 15:16 WIB",,taksonomi hijau energi
,https://finance.detik.com/ekonomi-hijau/d-7637110/bni-beberkan-upaya-dukung-transisi-hijau-di-cop29,https://akcdn.detik.net.id/community/media/visual/2024/11/13/pt-bank-negara-indonesia-persero-tbk-atau-bni-memperkuat-komitmen-untuk-mendorong-transisi-hijau-melalui-pendanaan-dan-dukunga_43.jpeg?w=250&q=90,"Rabu, 13 Nov 2024 20:00 WIB",,taksonomi hijau energi
,https://finance.detik.com/ekonomi-hijau/d-7557800/dukung-proyek-berkelanjutan-bank-bumn-geber-penyaluran-kredit-hijau,https://akcdn.detik.net.id/community/media/visual/2024/09/25/bni_43.jpeg?w=250&q=90,"Rabu, 25 Sep 2024 16:27 WIB",,taksonomi hijau energi
